address,credit
0x02ad0f9cab40def1d6563bfc84f5aea4282842af,62422232815335
0x048235a59c06b10f72cfca1aab571fb12d58e9f1,23102977855406
0x049b8f0d6eb0ce24c931dc02f3f0e890e6406633,2329944798398918
0x07b8a6562ad80d14201c372605f9d85ce5d0258c,43555264021038317
0x08af0ad36971fbd8b611309293c36719ee73a7b9,26612578644912256
0x091a64d13566576a4ad1dd4da7d9a915b3ca827e,117802953369689
0x095d53ff2e29ed51d374c7a7b3e6b72d9f1cf723,35845304590752589
0x0a3c11832804e9ff965c1a4ed3463a608033a12f,35076514157525400
0x0de288743f9759148a3e18220ef49815e889aad0,87977862291033585
0x0e6e6a776009248993a58fd2e529d69e34a85473,537679568861288
0x0e78588283aa9ccbec277b40fb8edfa8cc2155a7,1344234767457812
0x0eec70678a2e67a0aecacbea56d2426713c78562,146250403623398
0x0f18326c5a1a1acb9bc54b4b55479d19997007e9,49131081157537
0x0f2082e4a149c1839cb99972dd240842c2a8d33d,3293605168896468
0x12aa329e8c6df902c0087907fb4959194010a59b,32952230262869
0x167c5177a10eb55c6adc245c17ec8fc9b54ef57a,15038452764835
0x17816e9a858b161c3e37016d139cf618056cacd4,1792265229537629
0x1a9aa0b3fee0462dd0372d0605393dc203596f33,891200894619437
0x1dafc7df93fb0a212b6208a83258394bbc147e7d,19238842027480
0x203b2164e7bbb64d87f26a5434d92c1f345fc3bf,4659889596797836
0x208b3cd5166df7ac646ca6e9393f336d3e4c4c51,422233997675916
0x2130334272d1c5fbd33c9afc63fb43afbbab499e,14357153636971
0x21bafe614b4a7831182318067b2c7345a5819185,443044165935001
0x21c9aba2392dd5e15ce74bf9c8685ac4907b5fab,6752309269942119
0x21fce9f53e46709ea525b6215c89ef12762a060e,79953887070331
0x22835d12af1b6bf48d26103cffdb0a441d583a3e,1056410047710169
0x22c14498b6f51c8d272faf5bb04add34662238a2,8388732395018729
0x2643796cb6b4e715140f09c352ea26afff1a7d93,47885515410132746
0x264de0a7d1b59ff6359c565dc0b5693cfa5465f3,4107085444791985
0x26bb12d67f35467c3d1354eb53457f20a325811c,167557605456557
0x294ca11a4faeeb79ff01e515d130772559f886eb,664522369320831
0x2cef526e5bc296b544ccf6d5718b21e8a5d1f179,9827797244927563
0x2f0c6153d7838891a14b1c06c1bc3f338bf5f975,18226728750779721
0x3268de530db302f9a842614a465cf69f6971c8c8,633696735824419
0x35cb62473c66cb308c438fd86e5ece7f875f35b9,682083327520360
0x35e3a5f9a59a441f5b87416ed68eb99753e59171,1814094905742
0x35e8557f4236bd3f72d0a1a645d06791b0d3bf28,223106877640461
0x37b3a715a9507c85c1845168ff1801799dacf808,2060403571062621
0x38e729d3f3a1ff6125d90018c1af14d1e78d46be,290017108084403
0x391fb1b5babd261cd0c42b91460859f546d7ca9b,13260779020912966
0x39441dfdf4dc539c405f841f2c260588904ec754,3669583549867073
0x399e0ae23663f27181ebb4e66ec504b3aab25541,26792182618884289
0x39cf0d1c38a83313b81624039afc2274c5cb0e10,6590502874038
0x3b15cec2d922ab0ef74688bcc1056461049f89cb,48605259614244
0x3b3b6ca39b8c1af5628cafb1fee567a04aa35b98,54422790527508
0x3b63bd52c7d2d56954428b2cb75c573ae6010714,22701088192071977
0x3bf39e4677efb07a775437b5e4bd6acf12906858,14122429683620
0x3d61debad7482e4bd0dd9ea746d7bb2be2b056d1,136060375694519
0x3d991647768308d99e69df07980cc800bec536b1,452859067963404
0x3db79f7aeae37b9ab8548b42f94f1f36cbaae5a7,1073057277998257
0x4008365c80e569889d5e0d7c1264bcbe3595b776,494376373450991
0x4060a97fe2ac24d912472aea5d1c063779360fef,84152616661969
0x416a954e18f18f01763f9190cc67eeb3bdc0b469,41620739765862
0x428ae11528b1beac0eeae911f220be4090ea8ea5,1792265229537629
0x43510b8051be33caebaeb248c23fa2db6b1d7f1d,676988736102162
0x45953126d2c2b7318d0911c1cf1757ccfc55cdcf,8961326147688147
0x45bc3a526dcadba4649466e6c890ff168aeeb55a,30112827285849
0x46bf25a883bbd00f3715209c88e6cb3ad598acf1,2329944798398918
0x496bed9d440f75f4ac19ea19933131544de1eb38,340149299007761443
0x4992b88fcbe6e30d50bd053e1c101ac155df28b4,25474462744703810
0x499d41a04c8cf760d159f9b369f0259d80bdf9fe,3339785371044685
0x4a6b71be9a0d3d76b760b38f6c50cb4d1c798990,33881327472096
0x4a83020aa1c6778e582abfedfaa6b0ce0805d98f,25759285114148588
0x4abb49024d622f9fbd3c46a3a75343ccde37f772,11635622123388588
0x4d818f7f285863d5c9f402142d76b1da3f767325,37642085425361263
0x4ec0764084f29c081defc35d4197fda52b16196b,1236803035346737
0x4f339ecffd02414bc6ae130b47ca2796c5000798,32457923306926469
0x4fface9865bdcbc0b36ec881fa27803046a88736,195402887275327
0x500a4f1280a0b63f47862d658b6c335cc939aaed,55086518370657
0x516b2d73a67a15b765c7538124dd55cbca5dfea1,11692171385841
0x52d3d5cdaf9090ef436403365bcba32fbce13c99,4467607908412416
0x52f21a64d115f8be98b1d711dd607847113709cc,22993299322523934
0x53dc8986ec7657351f424866a7ec3449ce66fb26,35416260234481171
0x54f3d99d4e132e51d611ca4c98288b032e80a64b,96152004563053264
0x56f1ea622b3c67dcdfde7dcd5540e4a48fadb41c,5602940752804888
0x5788f90196954a272347aee78c3b3f86f548d0a9,182160743026772
0x580e0f838a94d413e5c71a3b0b736a5416852060,7980866506768315
0x587f47ed1096d2de800dd93a40a0f146fdd38307,56250155239768
0x5a0eec708ffe2bff9d402441fcf9c0740d6b5dcb,1613038706583866
0x5b56df91f22e913911a7e33832cd6ac129d3b127,34677233722346190
0x5bc2384c432406fae782e56cbc8e55aa0a9df513,73302878619398
0x5c378b17765b03e46640f4463fe85895db4d3ff9,1028290309811414
0x5d7800dd4d1a369101bc99e377c0e853c53eb1a3,30684943762635
0x5dc5cfb4de630db0082e057f893e824d18c30827,265679121161159
0x5e3465c0793cdce7b3fb70be529bcdbafc50fbae,951124835858046
0x60062a98a4ff1ae9829efeb929feebd7f8c5c670,394154596364739
0x605b5f6549538a94bd2653d1ee67612a47039da0,158683891994538753
0x62f25d0944a1b512a1d77e4dede57f72ffc8ef25,89928779930766
0x649b240a19b5c029b4998b4ea8d88514c59bbcf8,633696735824419
0x64bac0fc115ef0bb3e49eacafe89a8404dbb4c8a,22500062095907
0x6543b529094ee8ac9ed9aa81f455de34cc3be0a7,597832608667631
0x6620cd29b8e637f6b084c5add2df278bf369c7a3,7848892826288
0x6677be1b375044c803668fcdd9e06ed0cf3a51a0,266040140358818155
0x66a12885f5df191e2b177e18bec643fe056d0d4d,11041521136069183
0x66e049f349736767e9a2ee0988e319cb61d0fa4b,5376795688612888
0x6809b801a6e483a44720b9f0b009f1efd43b1a4c,20886555060291755
0x68319f9acc2b5e675e099886457847728ad9e754,179226522953762
0x6914fc70fac4cab20a8922e900c4ba57feecf8e1,17922652295376294
0x6c2676e28b8b26be90d7ee15456fa821cb2b7ca2,109815289991428
0x6fe6e9650f1c8c011093ce8865f4a83909ba0493,167307905782621087
0x713c89621b8a97b1c401793efc4796377bd55e49,8506244439371
0x72c9ae3635f49eaf83cb7579af7241c8fee68fb0,35845304590752589
0x73393266acc003122d384cd590e5d2b2b48a0e4c,268839784430644
0x7374c7c3e267f9b6956655a5c15f088f986266b2,6337571528219762
0x73a46462bcd3325154495c9b707604f03e11598b,9499005716549436
0x74233f2a902abe0d9ae6fdeb89cd3bf80b05e22f,55353582557695
0x74e17b1c0387d9b0e14fdc1aed809a2444467ba5,537679568861288
0x7748701e5044cfcc7efaef38429e289759cd4afc,5270773319679580
0x782c9fa77818e35816c219bf22a44cb33bbbab78,51769564552994
0x792bd30a0aabf452deb500a9c7e384610579bf0c,585555532265361
0x79446abde2881ba2737b795fd7f7d59c6dec81af,855110549211717
0x7a2a577d5f3ba46ca4008b8198df389e72456876,18222591673465672
0x7a73517b6870aa5143972d66d054613625db55f0,52376067375371631
0x7c306c2a5c5717fbd13ff33a45d481f983fad045,1254585660676340
0x7cacbc75d74740b50dc68fbf0a573af80243ca56,582123407369026
0x7cdf725c602a04ba7938332eecffa3de0963cf29,108243060700764
0x7e4067fd59cd1083560001f17baf8b8bd77128a1,13528927904497338
0x828a2d3f75e7a97e75807d2ecb1b581fc1698e14,59763357016399
0x83fed4e58ef6bdfd71a570ea588b4170ac7a8566,4794351572595387
0x848e677aa363c98afe22a25230d51af1f8ff46ca,16875046571930
0x84b0c991d237e07f45d96f8fa66fe9f642980f5d,22903492947389
0x857684b12a65cc6220bcf1b5a21f6a5761ace218,8961326147688147
0x85f1a0b0169f6c4ca211ba71e5047cb0a10b8b4c,9277999163553090
0x8612ca0a3ca7d204ae675996c9bb1caf25df7525,94873919754232
0x865fb2828877329054ff2bf73ce439581ed8c2e3,3489895404950331
0x869aed62cab4feb211b41f32d5edecb0084ae184,537679568861288
0x86cb41f93f5267cf2ed5f89c12ea377b7d22676a,1039222394309176
0x8821efb68417bd853b89f056c79106ed84fede3a,1125590372754170
0x884ad625a0ab9e54ed07f5f290d3c2262d25f7e0,544227905275086
0x886a4c551665f99e37c92cd98c73520098a3aa29,179226522953762
0x886ff7a2d46dcc2276e2fd631957969441130847,420658893291496
0x8b0a3a6a7c41e71606e0c0e2d87dfa9ec66fc58e,14305451775044
0x8b7039a8ec8e14c82a55792c025500da2379a9b2,21041896376021888
0x8cb9317f80f0be7fcd073eecf7c16e3826afbbf1,60193982006104
0x9198a98cd0df9b1b5260f4de4c2202ff237b0b79,340530393612149
0x929e2afee8091680679ac34936c89bfbbb3a00fe,80230990248322
0x95b8f44a42d7b164b522d57e80677563aabe909f,6963379072828630
0x96cca428e131a1773c67969b25cf79bc7e991a4e,215682712529687
0x96dcc07cf23bf0a893a511ecbb512a9aa73b92ef,179226522953762
0x9bb98140f36553db71fe4a570ac0b1401bc61b4f,7542891507977604
0x9cd657146dcf96d92b7ee248cc77cbf871d7c346,63807569589214
0x9d210edf6ffd31bf316a168d460baad44163da82,716906091815051
0x9da99e31716f402eb309cf2ee5ddeb4f21f22eaa,2050094679465702
0x9dc5ba9d9d66bcea2e1b9931cccc165bafc8cb97,4391049812367192
0x9dd46a087c4457167f25205002a38f7870d5b6c1,24453238590239887
0x9e055775bbef01b8132ea7a92caa84f4ddba81d7,445171436530841
0x9eda173b60b105d2e255a1f535f70db2587eefe0,25644522092513
0xa0b6253d7787ae282749b71fd4ef5d5c9d8a9e87,811103644023376075
0xa0f75491720835b36edc92d06ddc468d201e9b73,179226522953762
0xa112777d0652958e8969cfe7f99ee02d6334b53d,89352158168248352
0xa13977a0c8e8ca1b5ffeb801f9caac11506f0dff,358453045907525
0xa52093dc50f2596abadb56dc643630e61944aba9,1728268355288153
0xa65a864ca19535e4c06000768c6cfa9f6ebaeb12,1160413089173182
0xa67d15ebc75c3a197b3e89d29387360870e3d98f,4632486559378521
0xa699720418f612558e2827bf68631686e9d1095e,1774342577242253
0xa7d41f49dadca972958487391d4461a5d0e1c3e9,24161015500602354
0xa9016318fc98d76479430e4cbaa70cfdb230f8c7,433016959478354
0xa99b8ae7696aac49f5208ccf79fd1983db2d7fbc,551968105559155
0xaa08547157253318445174a4b839541f07c5d960,1075359137722577
0xaaaaaab70e084f7014b615c502f7b082c243d175,21083093278715
0xab88ac3af5c9aeb1a1a2043495374568eb439244,836433919412785
0xac0168b4fd7427bfd616e3a47fc05dd8175d5b64,45843993436165
0xadacba4cae9471c26d613f7a94014549a647783c,119523560429528
0xae0f77c239f72da36d4da20a4bbdaae4ca48e03f,77694052220468
0xb0e9f5cf58861ecdc0969887557366c1f1a87b53,5006368241993428
0xb1123acefe8011fbadf4efe3e6b67458b311d9bf,656715910509919
0xb23448467234b60ec7224c2aec3de55a77c3f941,337944424307055
0xb7dee7ee352a240c1efb6a457326dc3a5ad6911c,49309441416705
0xb9b763cfdd014f6d435fd98152fa9a417f4cd2c4,396622389782746
0xb9cb1765b729979a2ae8f70494420c7e6bff20f5,94993508566734
0xbac9b91af52ee612f816e470ef1ae56cb287874d,537679568861288
0xbb0584655c0fa6cd9bfbc4f61d8151b757f067a7,179226522953762
0xbd50a7a7d344e2a154c4bdfbca7a82337df22ca8,165183385700355
0xbd6cc023ac272f13655f8b3c3192846e949f98aa,9656352865947124
0xbe16892ed5185cbd69f3f2708de5263645240a65,15122870604223
0xbfc2749366f5c75fa59c135f2a5a926054aaa606,14062538809942
0xc07c059922a4b7d83d0ce22461f51b6fc9f181c7,1734011125924076
0xc30d4f4f1a44962c3edceb7154e3d671c06a171c,967823223950319
0xc35e8087612357c11116cc4874da99f2ff786b01,179226522953762
0xc56a6c92240e4d346e30277ac0dc6e4d6e1c0a45,35643245233898
0xc770dcaf3c8af547e75dcfe902f146f9bcd4a201,980941265743643
0xc85ca407b61129ab62a2cdec176035e6fecf153e,2808490452954639
0xc99889261527bdc51ab37cac88e232e47592f9cd,1009976391974353
0xcf8944058fef67438dbb959960d958af4b83b10f,879214266484492
0xcfa73faeb0aa5521a88665550933dcc76dff353a,267546515009284
0xcfde0d1af8284004b045e8e71fa212e01e8b2221,337651714150210
0xd0a2fe011342c2e59a81866ae5bbd6e13c6c572f,5376795688612888
0xd15eff8db1c969e80c8222727f779a0f0cf6af14,13141697588008967
0xd186763e8f267a4f660ca7eb203f9e4ee5d91422,1792265229537629
0xd2f35a388b02234b26dfda38e302f14074f3cf02,792983778167121
0xd3320391a0a7d59f49b54f9c3b2ca65dc3978063,163731627032601
0xd3443514c851440060ad8dce2e6319066f88d9c7,48747982930745708
0xd43f3716cbb9386352880a9bd52f7f07ac01752b,15176977250294395
0xd49c5ec1beee882689930ad1578f4b45aedb3691,38036556000217
0xd581ad68d9130ca711c7410f8a7f5a0972d8706b,7312520181169
0xd5e028d390b105ab9aa69da6ecae26a15d2b8537,366229717045798
0xd6ce20fc1b2938fd9b1e4853e891fb25310317b9,6999371511196044
0xd6d09e37005f7f22a9d86e746c6488d21d8c6267,1075359137722577
0xd874387ebb001a6b0bea98072f8de05f8965e51e,213888520293134
0xdb5d5d18d2edba363d887e1d58dd74252b03fa10,119523560429528
0xdb7ad06055a75fb2abfa866969fe3c51945fdf96,322607741316773
0xdbe67cbe1cd998f5176c76cd2506632a59d9428c,748360702120702
0xdc0575a380f48d954b169d34d802b9aa42b08636,25418147265385147
0xdc5bb4f6126a5ed7d99af7e56387db717c1042bd,330786292225526
0xdc8e81d002c4b822b157062c098ca4e22e5fa667,49084738877842
0xe086a05fc136e5d43943e4d81b7106270b995a80,23658961796422
0xe1b72d7218184e29f4e22522ea3a9823ec83d3dc,50095473134287114
0xe236363a6a9846fddc5b8d909e0cb255eae7eb1e,263237117308880
0xe23687bffb584b3f826e8d3012761b0bee533b9a,91964348423004
0xe321bd63cde8ea046b382f82964575f2a5586474,893515083678050
0xe52056995f13a6462b5f1759146d8a8297a651c2,45000124191815
0xe811e322e44226d165237669089b416134edaf1d,56023711629958
0xeac446a86091dac36348df5fec35a09d0bd8e7d7,3685991806951505
0xeb1f18f7fd4407f93202bd53815e57ef80982415,14118788965181
0xecca53828d3cc6dc1ffbdad81ea62c85210a9020,312651757266051
0xee8e0fcc8bff03ec5f100d02cb7b3196d78863a7,4396071332422461
0xefdc8e0de2d596aac815deadaa2dea18a351f222,2150718275445155
0xf02f24d3b531dcc7414df353ec13ff1c1c69045c,3098738065183533
0xf0573bb8fd4abae0a3e539b1b44eaefe2e3ca2f9,223439061811952
0xf153fb08c86a5c4c10bbf31617467000e2c8ea4e,21342208061442769
0xf1e25b3486b90b46cf0a828ea1c068a951c2c930,74955064190565
0xf256c04336b9f798de7b4dadf5961e6f5e21b219,26805513434674343
0xf43bca3ab41e91494cfe684760c106388ace2107,203526595539302
0xf53b2965d13404e5d13ce40c7448f8e13f04034b,1498594062884023
0xf56d4380594624c6bdd9ee58d6060f4310733285,14062538809942
0xf9b404fc99540413c05656188df4b334217e13f8,3825398361974564
0xfb4c70e90cd872175cef8f4609ea4d5ab53faa3c,446550581224502
0xfb4fa7363e2a9462cff3c7ba6d3787432ac564f0,17853033097650
0xfb8fcac8a5051a92606852ea000ac7c81dd0db5a,2239254658780090
0xfbbcfc2f4762d716f24d3eab08e2a0fb5442947a,2965169114434714
0xfc07314df7da17fa9e8b1cb2b238b37c2038acd3,124315490892664
0xfce3754e75d57778ac509642fa0f6add3d8ddd92,49002563982531872
0xfd4441fb7f09cdf059904821a913880d8b1becc7,73063791982879
0xfd7cb714a4310b5cd066501c8a566f67e82dc050,151289743924497910
0xfee576129ad9bb95877f29180e654aaaf0baca49,2212638534623533
