address,underlyingValue,debt
0x000ab07b26c48ef3caf9ec23520d86794c9fd74a,1130000000000000000,205061052960278337
0x00a4abfa92e6ccb6efe31c48a1d54796b1941aec,8800000000000000000,3915238638336632601
0x017a5c8e7125dd3dcba503038d19546be1485fc2,190000000000000000,93640982081370816
0x01aa31ae8998f71a91d32105dbcdade03e1a7bb1,99130287415017220,37586651116771733
0x01e23748ad2fa78a927d3b9dda7afd45f7780f32,100000000000000000,20306055336047592
0x021124da49bdabe59a50aa4d88032bafc58e8b51,3927120222644913700,1836510353746435335
0x02632569d858370906ac6116b0ae25059fb34a82,3500000000000000000,576020729493300804
0x02ad0f9cab40def1d6563bfc84f5aea4282842af,5000000000000000,-62422232815335
0x02cd9289e6e8760a61272b5781419ab341507dc5,6000000000000000000,2984808594529764434
0x02cdb392a6d69e5c2a970baa9b40ece990715e1d,200000000000000000,82120880002057092
0x035fc3b0ec2487c1c9def561f578ec77a06b1b12,1524448682967528400,611937289658196048
0x03d60763cfe40d907640fd52ef5787beaf8eee9e,7839333037974018,3582656945382788
0x0438158daedeb42137084602eec7cf557dc2cf56,1010000000000000000,500714443761468791
0x0459a68feb50c9deae20daf91d3ad209a1ec3b9d,1048257134836268400,234505036267482457
0x048235a59c06b10f72cfca1aab571fb12d58e9f1,709130620675373,-23102977855406
0x049b8f0d6eb0ce24c931dc02f3f0e890e6406633,130000000000000000,-2329944798398918
0x04c6fe1ebe5a82e9f86a3e8d2d7c353c71d63c3c,67016838036792710000,33297821011107509047
0x0574215b0a39119c84ca17f1ec83418eeb5ada8e,414715708415501,171534458390022
0x05b100c9f0df7948f88c908ce8bafb8c5e99cce5,6066000000000000000,1006739829009509055
0x05b577839fc3272bea6c3e62033a5b69d2679d87,12626224739681240,2822949713319616
0x07b8a6562ad80d14201c372605f9d85ce5d0258c,500751881218802900,-43555264021038317
0x07bdd52217cf334e1b15b26d8b960f9970c96d30,1000000000000000000,410879910538056189
0x07c6adbb822833e93aa8fb6a24d9cf04365c0868,629161257835492300000,309131894409867948639
0x07cd2826369d9b42a2c4514d8076e560de805e28,3005000000000000000,968791880579595555
0x07f11856e49ff66f34d7b44ad1d6a232cd84a1d1,91876924283841500,35356262049768185
0x08af0ad36971fbd8b611309293c36719ee73a7b9,1000254502304290800,-26612578644912256
0x091a64d13566576a4ad1dd4da7d9a915b3ca827e,999999999999994,-117802953369689
0x092ff11df073ae8e8cd70e44dd96c57c4bec2581,35000000000000000,17243070941105025
0x093ad56857aaa28615f6efef5518e564bba39c64,250813091305951630000,122373863709168523296
0x095d53ff2e29ed51d374c7a7b3e6b72d9f1cf723,2000000000000000000,-35845304590752589
0x0a2f7a40c83a08ba3b1240da14805e267278ffa6,999504479811521800,494613348403537541
0x0a3c11832804e9ff965c1a4ed3463a608033a12f,600000000000000000,-35076514157525400
0x0ae83a9554c0137b06082b166871947ccc4e9674,19361392604568228,4428394721652846
0x0bc24444fe0c7ed98c0d570a9f159ddd42217c2a,4001544329504439000,1645183334272124507
0x0c6ac3fcea667fd6c62483ce1dbbce6f6ce0fb1f,2726937809447320600,1350071753276671753
0x0d2eff31cf0c5700133cfa2eeba980f2897eb173,614000000000000000,252190810505635063
0x0d58fe3210646b36410f7aa8bcce96c29ee63605,145527614541747000,64747197658955445
0x0de288743f9759148a3e18220ef49815e889aad0,1000000000000000000,-87977862291033585
0x0e290e66b061435c9dc7f7503f7979537fd5cb7a,500000000000000000,98546255516387437
0x0e6670aab873c7ae3e8de7e2c1c24ad5a41f90ef,2097074950695102500,932475786647305916
0x0e6e6a776009248993a58fd2e529d69e34a85473,30000000000000000,-537679568861288
0x0e78588283aa9ccbec277b40fb8edfa8cc2155a7,75002000000000000,-1344234767457812
0x0e7af95de26bf10e6b9f00d846c22757aa582b9c,4000000000000000000,1901063666252793438
0x0e9476c0d57f6927b01a523caf250111964aa079,5376295929489066,2529464232974175
0x0eec70678a2e67a0aecacbea56d2426713c78562,26000000000000000,-146250403623398
0x0f18326c5a1a1acb9bc54b4b55479d19997007e9,9999961153767522,-49131081157537
0x0f2082e4a149c1839cb99972dd240842c2a8d33d,111949977562278160,-3293605168896468
0x0f51bdf7af73eba84ba964299df4c16043224f3e,6600000000000000000,992886691587698527
0x0f7981ae60708d4d64040999e463f106b13f07c5,174275886370620,79026603175974
0x0f7d35a1b8127dc0750322f7e26e2230df0c9169,299546592341136050000,147915757096547725906
0x105e396c4a4681d2a711a1e4472ac97549f58af3,13612603079383850000,444386971117148080
0x10bf7045e9fa3f12a48987b3a7497f8bceb3dccc,7799484137351110,3698294778822596
0x125e419842966672dc4b28272d99cec4665642a8,4099167059464873000,1753977170781205992
0x12aa329e8c6df902c0087907fb4959194010a59b,519999999999989,-32952230262869
0x13604448b8546316c1921e5aab9e6c36e4953fac,6848473019947495,3366180141380377
0x13ddb51da11c3e540dd96308e4515380c85bd5d3,237095612270263100,91509886699830387
0x145c584f2f022997a9d0e5fcb4346042229525e1,4170835848657220000,2044373873037561536
0x146cfed833cc926b16b0da9257e8a281c2add9f3,1890388028631057700,860601804303789418
0x1554b0569406f38626828e4ede720a180213425a,2760392898024886000,1243729145989901054
0x156ba7caeaede7cd4d89f1eaa53361b1f60f151b,1150000000000000000,372314096476214931
0x15962221e0e7a41de9da1615f9cb64cbfff83408,12406293882698480000,2961546584698171962
0x159eed89294e8d11172128997f4aad074566a596,1144159916828190,527154713042109
0x1674aca0220c10afc4b70cbb2721b3613974bd9f,225174472059204080000,101683375040292787687
0x167c5177a10eb55c6adc245c17ec8fc9b54ef57a,560583412393002,-15038452764835
0x16bc42a8d77ab79e8ec3bd9c1d8bca47626cc6f5,199999999999999,9493619817659
0x1744d374bf556e7fa4c02ef6ecf678f3950cf847,178636557939880930,27813640766283793
0x17816e9a858b161c3e37016d139cf618056cacd4,100000000000000000,-1792265229537629
0x180064a1cb33d62510964ea23be9fb2a136142be,4081410286109577000,1845544343926381443
0x19bafa77aab2e1fe6cbe4b2c60597b9060b105ee,115194155089758720000,57597077544879372284
0x1a1ea5ef21dc8ac849c277a8c687065b4cf0b804,4200000000000000000,592326834855253106
0x1a59b2cbec7613ffc6373de6861aab53f0f9b64a,8250000000000000000,3460100348471090679
0x1a6db538813dbfa63e1f19f8804447187b7d401d,1000000000000000000,450562362654900764
0x1a76a8779b441819c930570a4962e51740c556c0,4650001128935528000,2066328383365402912
0x1a9aa0b3fee0462dd0372d0605393dc203596f33,9999999999999998,-891200894619437
0x1ac62e0177d30b9f7cfcdab73004b308f06770f0,101532211196085,50394445957510
0x1afe17ce4fc3b3273a50ff2a55f7933a3efc85e2,14000000000000000000,1153598824036036257
0x1b51cce51e2531c478daa9b68eb80d47247dcbec,174857515945953900000,76961371790352093704
0x1b793b70834a80b1cf1b9c279084409de419c956,1000000000000000000,410647501997359769
0x1bd019a775d182b8b49646aeadbdd471fda1c2d7,6416845353633460000,3203230286672672214
0x1c31ca6e44f6a0ab42d03c452776c48b17b47f67,10858962686613717000,4371906344571255916
0x1dac83da90b366399f09324f3d41a4507204c757,104000000000000000000,42861972470113870934
0x1dafc7df93fb0a212b6208a83258394bbc147e7d,2689721699113743,-19238842027480
0x1e56566dc450392f8c64da0cee263b024ad5d2b1,50000000000000000,9816954441917403
0x1f1bbf9cd25a229a79d3ea09c65d940cf0feda01,1529128820000000000,315461426069584326
0x1f4986f5542c83c3f5ab57be63062df4564aac39,236990441797603700,79832743315491295
0x203b2164e7bbb64d87f26a5434d92c1f345fc3bf,260000000000000000,-4659889596797836
0x205e671bf61e4c19716027290485b72a3af5d018,15901420039497984000,6728506302711758591
0x207eb28011e62aa694e6722a4306f5e57e379869,4088852690486010000,1848845000861616364
0x208b3cd5166df7ac646ca6e9393f336d3e4c4c51,6054736880030559,-422233997675916
0x2130334272d1c5fbd33c9afc63fb43afbbab499e,178141945529173,-14357153636971
0x21359f9b50fc84caa592b8bd53e84be06a2658b4,2000000000000000000,439309278396077265
0x21bafe614b4a7831182318067b2c7345a5819185,7944230080387952,-443044165935001
0x21c9aba2392dd5e15ce74bf9c8685ac4907b5fab,373386124841399360,-6752309269942119
0x21fce9f53e46709ea525b6215c89ef12762a060e,1153227067457735,-79953887070331
0x22061d1115a9756be87f40978e822fe3cba04665,2000000000000000000,296347136100087120
0x22835d12af1b6bf48d26103cffdb0a441d583a3e,14356425563308170,-1056410047710169
0x2284f2d1d3cc5b7be2752408c432e53002f21731,7000000000000000000,2876159767811248182
0x22c14498b6f51c8d272faf5bb04add34662238a2,128089030565993100,-8388732395018729
0x2330eb2d92167c3b6b22690c03b508e0ca532980,13061201821965228000,6523616648911352229
0x238643d4106c7c6206f8dc31acb59cd24c979d12,999999999999999,412686848437743
0x239eee45a485e194dc254745270df640a65d8431,210000000000000000,42335517655017556
0x23bc474aba2b1c6111db4e81957279ab963fa2f6,139365229281790430,51435720637758202
0x2406d61812bbe600767fce3392e868f14c9b67f0,12098646602291542,4669617329463532
0x2508db65d628d8846a6609cf9d0ff2e2914a2b80,3798180889846992000,1652115716493516639
0x2536ddd9e9f22208e525d73f44acb260788a24a7,40000000000000000,8414363314160933
0x2643796cb6b4e715140f09c352ea26afff1a7d93,12670876797371600,-47885515410132746
0x264de0a7d1b59ff6359c565dc0b5693cfa5465f3,70000000000000000,-4107085444791985
0x26bb12d67f35467c3d1354eb53457f20a325811c,10000000000000000,-167557605456557
0x27816d237c638f9f21b6424aae98acaa0ef5f4a3,2800000000000000000,1149814253150282945
0x285b7eea81a5b66b62e7276a24c1e0f83f7409c1,56635143399642620000,20700955867233878010
0x294ca11a4faeeb79ff01e515d130772559f886eb,24999999999999988,-664522369320831
0x29944e955a44fb324142ad78f1a2f7224a4b859f,1000000000000000000,222253691487000385
0x29ca8fad0a11d397313e8f7cf4809f49eda408c8,27994721643634120000,12511271393445384635
0x2a2b7015c8b308aa45cb4d6a5fee46770d92ce1a,8787088968262175000,4293285336224809444
0x2a6bf8a714acdbe9d6e9dd1753ca09b8e7d95328,84233757947064900000,42116878973532448862
0x2aaa03a8293053bd4b7fa1740ac94d935c66ee84,47246501449684460000,16065401534699591222
0x2b3ab8e7bb14988616359b78709538b10900ab7d,100000000000000000,19623780547166515
0x2b856c8db1c58bc242374859795204a64a96ad72,7676994799438598000,3239106570082684629
0x2b87b19db9945cef02c2d5b07d99a17f8fde0fb9,95055003046925250,18879091216627314
0x2bbad9b24288e2559d60423b9123e38a0ac54d3a,1970105314214031600,312687678640638730
0x2c3eae62d380fec7ad276dd47050e2b061a45c9f,928787993578993000,78428777642037325
0x2cdf675e966ca6c95cede42144f774031991a60a,5968680216548667000,853874913330253723
0x2cef526e5bc296b544ccf6d5718b21e8a5d1f179,261377599714679650,-9827797244927563
0x2d3d4e19931ed4d8b6f661e4ba5bed2344c4123b,1273651688048765,540940032737008
0x2d5fb580b32cd667c046a789a9cc5dfa129997f0,2755825629431629,1251040892797935
0x2dd3becdf5181f4e765a7b6245d66bdb3a6595ba,3050215488213523000,1496893081518867939
0x2e4b6e4520e7e60bbf46235384e24d736a2ca470,4650727102123282000,2273380721885279782
0x2e8d5df72c2344347775fac9f3951208dd709ec5,70000000000000000,34010101151393719
0x2eaa02259a9aa218d96422b9291344a47df84191,12351506800511958,4577453083311399
0x2ef2c9f9daa42f56b393e36f8376c93313fe1b1e,1060820842632346400,454392543664002968
0x2f0c6153d7838891a14b1c06c1bc3f338bf5f975,1007893350958330400,-18226728750779721
0x2f74044a9560d62c8e5ac362b1bdc6baf79b7660,796830308605409500,396763146893274004
0x2f9232ec7ba4fe80b91785b1442ce16b825ea1a7,250000000000000000,52117052981053199
0x2ffb46eebaf0bfe2e71bf87ba4e2dd8eabdc83f3,11804700000000000000,2670350246922242151
0x309f4972ec0d2fd25c54c538b70168a18ca40d28,147000000000000000000,61080573152669422070
0x31304ccdd28e62ef552824db08a350d752068c39,99927030229051230,48125922841867053
0x315c6ffde34b5d168792d798400ddc673160b037,53168258778276000,22484335429430250
0x321ef05a297cc3182e420ed5ec59a01c1695aacf,300000000000000000,123716604823982064
0x3268de530db302f9a842614a465cf69f6971c8c8,9999999999999990,-633696735824419
0x32ea6270ff12b700572bb9a105ba07c221967042,1031218439487494,471663024159644
0x337844866ce1f51be8eb9f3a4882b5cb891edba5,7399999999999998,2958374885122572
0x33bff8d4f1d0bda54771a45a35659c4d44dc1cc6,3200000000000000000,427412993958470805
0x34f161ec45e98528278f50214f825d5cb6c3a540,6600000000000000000,3273314089770514309
0x355aaa5b9747414883b2208d4f4b5690e6cd30df,4920000000000000000,2398296892320666436
0x35cb62473c66cb308c438fd86e5ece7f875f35b9,7762798462810216,-682083327520360
0x35e3a5f9a59a441f5b87416ed68eb99753e59171,100057151146099,-1814094905742
0x35e8557f4236bd3f72d0a1a645d06791b0d3bf28,1282731790470713,-223106877640461
0x35f44d96853145e8b86d939f914ab2ef5f11da16,33410269957333144,6583297538481146
0x37584fe0d49e0b9d7295b1d7624358ff6b4e70e2,454762478266794800,99817319793603205
0x377704eca6a1d5a4f4721c51764564a32321469f,16656690794162710000,8282126608187115841
0x379f29c017ec33e145d1fe721971cc1b50a31253,5109905335175885,1157252543400761
0x37b3a715a9507c85c1845168ff1801799dacf808,27508408596352204,-2060403571062621
0x3845b28a99d312199e8821128bf62705bbff0d68,600000000000000000,248728818869403611
0x3862903859ea9b1ce6804823bd9ca7a249afebb3,31854909550123530000,11756736145773303453
0x3898e268862f64059c81e8ccde0b52f209116c9c,6500000000000000000,1006028856367556765
0x38ab17c5b796f15305ec81ff7ef2a0b00d796d1d,38127025334270760,7735943706939965
0x38daea6f17e4308b0da9647db9ca6d84a3a7e195,1148191872953874400,26212316230517475
0x38e729d3f3a1ff6125d90018c1af14d1e78d46be,5554542955127368,-290017108084403
0x391fb1b5babd261cd0c42b91460859f546d7ca9b,99546592344136020,-13260779020912966
0x39441dfdf4dc539c405f841f2c260588904ec754,202918961008780500,-3669583549867073
0x3955b77219816ee662ffe5a9c211eace032dc5bd,1327333777275545000,304094423809296486
0x399e0ae23663f27181ebb4e66ec504b3aab25541,306461671131675100,-26792182618884289
0x39cf0d1c38a83313b81624039afc2274c5cb0e10,1000018662983816,-6590502874038
0x3b15cec2d922ab0ef74688bcc1056461049f89cb,473417002261169,-48605259614244
0x3b32b8ab708b2363b43fbddc43a3dcb3d48e8c7c,4750000000000000000,723140010157880456
0x3b3b6ca39b8c1af5628cafb1fee567a04aa35b98,3001711410117077,-54422790527508
0x3b4e15ef7ee5ae55a101a749085c54f50756a5e7,2800000000000000000,1036133652236104093
0x3b63bd52c7d2d56954428b2cb75c573ae6010714,317906355780973250,-22701088192071977
0x3bf39e4677efb07a775437b5e4bd6acf12906858,2499999999999999,-14122429683620
0x3d49c72784c4558366c3088779e3d26d2c5e1702,526326455069734,222679557014390
0x3d61debad7482e4bd0dd9ea746d7bb2be2b056d1,1552999999999999,-136060375694519
0x3d78ace36ab76eae6dbfda33e2835873bccc095d,250000000000000000,123593746119005779
0x3d991647768308d99e69df07980cc800bec536b1,5153994438532949,-452859067963404
0x3db79f7aeae37b9ab8548b42f94f1f36cbaae5a7,40000000000000000,-1073057277998257
0x3e13c28a5dd51850ce93de686fa52156e56f59eb,160609338559844220000,75879122499224439142
0x3e174bfed0a5a48a66e962decb712de220294255,248058983517362900,54994662647722500
0x3eff3d3922b5dea60d834581ff9f743e2129f079,10492640072981018,2399907530640589
0x3f0290be7f571c85ebefe31c580f4666769406f3,15418306066839438,3532360119046075
0x3f7b9726ec557d18e43dd8f4390b0359be454a61,250000000000000000,52271178619429738
0x3f8bf14bd9277476c108aac5306ff3015775bc3e,16920144393551134,1757747552186126
0x3fcad04a877d8045fda33e5cfea22ab9213612b2,1320000000000000000,207726192573244446
0x4008365c80e569889d5e0d7c1264bcbe3595b776,9999999999999990,-494376373450991
0x403490bc2f346065c8cddb7c1cb24dda049f4367,30727617007164710000,14808833965453833404
0x4060a97fe2ac24d912472aea5d1c063779360fef,957741931092008,-84152616661969
0x416a954e18f18f01763f9190cc67eeb3bdc0b469,473686134288066,-41620739765862
0x4216c2fc321dce8de1eb46f4da0be3287117cf25,450000000000000000,100014161169150174
0x428ae11528b1beac0eeae911f220be4090ea8ea5,100000000000000000,-1792265229537629
0x42c123f65e0e9235937e036a3c740f136d8c1a0e,707777269581686900,273175100660683390
0x42c9a3f034592c39028aea70a6e69fbc6ccf6c31,5005427286813167,2259453336176215
0x4337dea57db20c89ad6992496af80a7843b83957,14989308518386178000,6364951222776439632
0x43510b8051be33caebaeb248c23fa2db6b1d7f1d,8399999999999998,-676988736102162
0x43ec8371d3d8d00ff35a9971356f398b706e0925,100000000000000000,31064826831834090
0x44af89b345b09aeeffc175bf43c2502d77e1a76a,2728720974853712400,911775439520259874
0x44d93969eec7226fff57cc6dd97fea1cea6a5fd1,41826909061725680,20378237701237859
0x45158fab0a55a654009cb6c4e1f8891bad8473c9,4040000000000000000,673339846527216552
0x45953126d2c2b7318d0911c1cf1757ccfc55cdcf,500000000000000000,-8961326147688147
0x45bc3a526dcadba4649466e6c890ff168aeeb55a,301507952170473,-30112827285849
0x46505514038feb100498c1d6a22c9b68e6fc2fcc,500000000000000000,107387315077235774
0x46bf25a883bbd00f3715209c88e6cb3ad598acf1,130000000000000000,-2329944798398918
0x46e8704ccd01f85d43e5a95642c516baf5f4c8dc,150000000000000000,72014089149553611
0x48e80ace64d91fbbf0d980c7b0eef8bee87f8b84,2620000000000000000,1286346651527336698
0x496bed9d440f75f4ac19ea19933131544de1eb38,19046268338932570,-340149299007761443
0x4992b88fcbe6e30d50bd053e1c101ac155df28b4,22010000000000000000,-25474462744703810
0x499d41a04c8cf760d159f9b369f0259d80bdf9fe,6244248923402914,-3339785371044685
0x4a3b4a5c86311a8dcdf1057543ef69d0a710a84f,100000000000000000,49746809908829406
0x4a6b71be9a0d3d76b760b38f6c50cb4d1c798990,440489004115253,-33881327472096
0x4a83020aa1c6778e582abfedfaa6b0ce0805d98f,18811119515660500,-25759285114148588
0x4abb49024d622f9fbd3c46a3a75343ccde37f772,643421336476811300,-11635622123388588
0x4abc33cf81e0d21f42168d044f7002edd6b80b09,7737358602338339000,3303057543748763198
0x4abef426c92c57cb0c8028f6343e18fdd69aa967,178224314915160,87837367786500
0x4b0ca72c5d8cba2805b9cd712be062b40da24c38,11945591081296325000,4408776054664988795
0x4b4d6ac4d00ee2c810dcc2cca41ef437b97f1178,108859731929014940000,53081241069508127093
0x4b70200f46a49150baa0ed2fdb5d537b7b256bf8,5000000000000000000,643808533317869496
0x4c0eb2910bb401b3ba968587800bc5fc94243cdb,200000000000000000,39938216532398418
0x4c6996f712f5ba388c0f2930d05fc8746a2cdb0d,1000000000000000000,495384659900831845
0x4c735d3acba20b72d3d1b11c3cc3ce00377906ae,2160428869790958000,917424084078700477
0x4d7ddc1302b5f824c32b9f1278c701a01e2c5971,975000000000000000,202689295704209508
0x4d818f7f285863d5c9f402142d76b1da3f767325,500000000000000000,-37642085425361263
0x4db5deedd87969227611947f5fbe94753f3aefe2,1000000000000000000,203060553360475913
0x4dd11e20caa90811e5913c97b43e6d77653f9db9,260221635000000000,38951131276472048
0x4dd3374addfb403ac7c641b21dab3541f6260d2c,50000000000000000000,22698372744801770945
0x4dd5f49bcb2670d17e33bd9dc9edab9a40eef8af,19189763209432616,233007388276916
0x4e1a3895bd8cace0764c161f3b11feaf58ac4f00,10836033779027678,2198622803277276
0x4e544b1039eb0e625d230af0fb75ddc9cda34d0e,549951838565502,267983852403118
0x4ec0764084f29c081defc35d4197fda52b16196b,68392171344390630,-1236803035346737
0x4ec9172061c23b2fbba60a4194f4e0806ee02bb3,1350000000000000000,554688201649527220
0x4f339ecffd02414bc6ae130b47ca2796c5000798,1811000000000000000,-32457923306926469
0x4fface9865bdcbc0b36ec881fa27803046a88736,10000000000000000,-195402887275327
0x500a4f1280a0b63f47862d658b6c335cc939aaed,999999999996731,-55086518370657
0x50c6a981b80a72d98af87b626d3dfbe226e7d9e0,35000000000000000000,16958449125851251293
0x50f01a922500ba20118191c8a37dbff15320aef4,793000000000000000,115783154260162222
0x516b2d73a67a15b765c7538124dd55cbca5dfea1,199999999999996,-11692171385841
0x5276a8ccf431c46d2cf448b9827eac0f4e4da64c,112425119045348,52250978217573
0x529c3f796016301556fe5402079cac7f409c9104,138739598720038850,69199595948230566
0x52d3d5cdaf9090ef436403365bcba32fbce13c99,50000000000000000,-4467607908412416
0x52e38021b95068264c3b71159fc29517e4d1faf1,7500000000000001000,1060664514828629313
0x52f21a64d115f8be98b1d711dd607847113709cc,287192712355884,-22993299322523934
0x532faac0951a5874cbbdbb50b8896525b9bfab3c,100000000000000000,21477463015447156
0x53969ee9230818e04fce426f2dc7a8e1b8b950f9,400000000000000000,192161108524290491
0x53dc8986ec7657351f424866a7ec3449ce66fb26,21339886583900244,-35416260234481171
0x54f3d99d4e132e51d611ca4c98288b032e80a64b,1250066154242220300,-96152004563053264
0x556aa3449221b607b37aa334162696d3f08c2d00,120000000000000000,49435741823330180
0x55907cf476998d2f58591c6d0a10ecbbe249a8eb,500000000000000000,64442553230926459
0x55ab31b4f4ee5ecd2a5ebae43219618a7efb28d7,11999115977401050000,5219295294306248978
0x55e70c02916049b17e46a140c4eb170e6088dafe,1000000000000000000,454858109748115193
0x56640ba14fb770f1ed151886ac7bb6adaa96955c,220000000000000000,90644870295972611
0x56f1ea622b3c67dcdfde7dcd5540e4a48fadb41c,106616624050775820,-5602940752804888
0x5773a379f9f9870e1498d3e84fd4797d6b038c63,8056041962609746000,3849214481158576201
0x5788f90196954a272347aee78c3b3f86f548d0a9,10047150752817156,-182160743026772
0x57bb29588a4be216c017eac196b7c5044848d97d,500000000000000000,98781774878244783
0x57e1778318ae6a57141c133911ac8dee5ef6921e,724678774242182300,156424236073777269
0x580e0f838a94d413e5c71a3b0b736a5416852060,94475209791782050,-7980866506768315
0x587f47ed1096d2de800dd93a40a0f146fdd38307,10000000000000000,-56250155239768
0x587fbe613c3cc991455f0ea531ff6006c0b8fd51,5276008939220871000,2472338195694918463
0x5908029c5851c01185be6d8d42888c76950c6895,81692113484107530000,40676690723579897698
0x5a0eec708ffe2bff9d402441fcf9c0740d6b5dcb,90000000000000000,-1613038706583866
0x5b56df91f22e913911a7e33832cd6ac129d3b127,500000000000000000,-34677233722346190
0x5b96c56135718699d0edf7fd827edbdf4e8dfde4,2940973818000000000,426146859193969409
0x5bc2384c432406fae782e56cbc8e55aa0a9df513,2004730846744631,-73302878619398
0x5c378b17765b03e46640f4463fe85895db4d3ff9,57373779999999990,-1028290309811414
0x5c58a9d67145fe5224f70bfe0b4fa0fa27e4a4eb,81429451445176450000,40148351538159351545
0x5c9fa54ffd519700a57fc3649084abc245b1a19a,48010000000000000000,23560904834894752927
0x5cc3cb20b2531c4a6d59bf37aac8acd0e8d099d3,449285053043862200,92076481736096941
0x5d5bf5d5a4a92806a9b09954b23459cb44157c89,39059356679583020000,19448699559309123965
0x5d7800dd4d1a369101bc99e377c0e853c53eb1a3,9999999999999998,-30684943762635
0x5d9ae998e4fe9068593e72f774317f14ba606871,299999999999999,49240429726489
0x5db6291455a6491ff9bd5460bc34655984e23a75,500000000000000000,102550669905545025
0x5dc5cfb4de630db0082e057f893e824d18c30827,14691403123850718,-265679121161159
0x5e3465c0793cdce7b3fb70be529bcdbafc50fbae,40500000000000000,-951124835858046
0x5e6e363eed7f6765a2165faa46cd53b3ab3e000f,3465712427900217000,633390923725868665
0x5fcd5207fc508fd25db690f3a349b1a8f4040870,42685699831422120000,19329176257738643517
0x60062a98a4ff1ae9829efeb929feebd7f8c5c670,21795781478818044,-394154596364739
0x602666a7dd43328a7265ffde45eb4f1d9a0d21e3,5000000000000000000,766042319004262507
0x605b5f6549538a94bd2653d1ee67612a47039da0,18986194441160290000,-158683891994538753
0x60ee0c8bb493b79286a54997322904f74fba3736,88866111357172660,33233896293607725
0x61a50f6a1ad8aab8efce0036470adfd8ceef65f8,500000000000000000,240565192326379991
0x62f25d0944a1b512a1d77e4dede57f72ffc8ef25,1290666110167900,-89928779930766
0x6398ec9d0e6318126c794333a8a7478ecd6bf7b2,92908602569589120,46169211760303268
0x6456b1425a918f5c7558f02546a9e6b247535f21,210758128493000260,42629873707357645
0x649ac40e678f6bc1785825987a1dff26f6ef95cc,3000000000000000000,466434949459557068
0x649b240a19b5c029b4998b4ea8d88514c59bbcf8,9999999999999986,-633696735824419
0x64bac0fc115ef0bb3e49eacafe89a8404dbb4c8a,4000000000000000,-22500062095907
0x652368b37d2e5b977e492ee07e0be9dfa74169fc,1000000000000000000,410647872713755234
0x6543b529094ee8ac9ed9aa81f455de34cc3be0a7,8132884591149130,-597832608667631
0x65f32a6509e975bede788f7d9bd84d680349ec11,16164799897064851000,8032798350954856971
0x65f570384d6cc157a15eac9bfd9da88364d59b7f,10626705283393174000,5120483535596404316
0x6620cd29b8e637f6b084c5add2df278bf369c7a3,3099999999999999,-7848892826288
0x6677be1b375044c803668fcdd9e06ed0cf3a51a0,847040215275857,-266040140358818155
0x66a12885f5df191e2b177e18bec643fe056d0d4d,4988014054945130,-11041521136069183
0x66e049f349736767e9a2ee0988e319cb61d0fa4b,300000000000000000,-5376795688612888
0x674b511b6b1398e86b16f17c311767c6d2e7b981,100000000000000000,41196451519441815
0x6800212fef0f1729b96210e3fdadf50fc21cf4e0,581312741400296100000,288687929168768555053
0x680774f563d7c26e5a354050758890e7db15b8ee,1043748863029529000,420209708170105782
0x6809b801a6e483a44720b9f0b009f1efd43b1a4c,233757162490359700,-20886555060291755
0x68319f9acc2b5e675e099886457847728ad9e754,9999999999999998,-179226522953762
0x6832eba02b915d66697bd93ad9ba988ac9470897,4731034921732080000,2067584259498811293
0x6914fc70fac4cab20a8922e900c4ba57feecf8e1,1000000000000000000,-17922652295376294
0x6941f1db178b46ceb547c724394da63f2b351463,20000000000000000000,2832171588465842003
0x697f21718a14a93bd76b1b97b32dc02f1f3ff382,28507816437486700,9735515240831011
0x69f34f5892674ba03e6d12ae76b55080a4df9ebb,3567418724718887,1496197184550559
0x6a1f044b1b7502c1e6e5018e2a263487f01bd888,4999999999999999,2054398916055969
0x6a75ee3ad65eceb7de3da49801ddf93f48bbb259,180000000000000000,89100895076369748
0x6ad87b3719e2870f1b58ddcf21d265be626cc5eb,470000000000000060,98269815804527907
0x6b3d1a37b5c01901341f01f4975d31bc5e6c3d81,18385084620274590,7276574333832369
0x6bdba05537c9b9956f8725aa670551b9568dd4dc,16997510426319420000,7685951298587486052
0x6bef6ef697401585cb9156cd79defe1a23ef84a3,12504151736668680000,4634023107110720943
0x6c2676e28b8b26be90d7ee15456fa821cb2b7ca2,30000000000000000,-109815289991428
0x6c4b96cfce013c8d63da25f7227cbbb350feb6e3,7662027826080049000,3115082088499165223
0x6d1133eb11d8e3249f6f3c5aa0c9c2f7dc003ff9,3322472242503913000,1643629919946777527
0x6d8dec3fd68d94a7189a98346ea52b4d32e00012,998154174108826000,411266584251277798
0x6ddb393e00b6a4a867e9d6987fca480337fa8bee,10998148037501516000,4130218265401506525
0x6e73f12279a1cabb298e6b21ee281285df174b23,10000000000000000000,4449134816291627955
0x6fe6e9650f1c8c011093ce8865f4a83909ba0493,3000000000000000000,-167307905782621087
0x7080b9cf42a2b2df644063ee33fe651c8eecbe88,1998233721377445600,810522077897717794
0x70927ca3b59a50695fa8c352812590419dcf29b3,13933846319962237000,3988595955638428644
0x70d2ecf98e93a6e05fef3f5dd47a85b55f60fcfa,65691679881515050000,2912976384186778181
0x713c89621b8a97b1c401793efc4796377bd55e49,130960643062176,-8506244439371
0x722eecde7e53e3a4e40da764823d03301246962e,318730310750472200,150107798135062904
0x725d73327a4bb1ba9b4223adcca69a504581c8d0,1991121523220948000,970810454111874074
0x728f3b195cfa8887fba331ce41dfc3631c291e3b,450047895702773760,186590419621626400
0x72c9ae3635f49eaf83cb7579af7241c8fee68fb0,2000000000000000000,-35845304590752589
0x73393266acc003122d384cd590e5d2b2b48a0e4c,14999999999999998,-268839784430644
0x7374c7c3e267f9b6956655a5c15f088f986266b2,100000000000000000,-6337571528219762
0x73a46462bcd3325154495c9b707604f03e11598b,530000000000000000,-9499005716549436
0x74233f2a902abe0d9ae6fdeb89cd3bf80b05e22f,999999999999964,-55353582557695
0x74709a8badb0c2166b19d75aeb8ccdc3d7d490b6,13018182378729680,2982487703755866
0x748ed28906db3687ea1a25c0868f113b59bcd01f,9992943239065770000,4341392706144507375
0x74c9d38ee85faeb44851560b7ac8dccc7d23885c,100000000000000000,48945845336064082
0x74e17b1c0387d9b0e14fdc1aed809a2444467ba5,30000000000000000,-537679568861288
0x75b215f42e0a8893b4c9654a1849f5b1c1b92bd7,8000000000000000000,3176045051812923962
0x768e0623aa6c25536a0e6de6bd7f8f7abeef0676,2000000000000000000,824044275417932826
0x76c8fe7fff8c2154f552471e46e4a751f1257ff3,250000000000000000,102719945802798489
0x76d542089f923b08da0b8174e0150ca2217566f9,105802671064226910,14143463607236411
0x77486fb7a3e88d86c4ef85ef068e5c62ca1065ae,11996060133639870000,5694464595726796055
0x7748701e5044cfcc7efaef38429e289759cd4afc,500000000000000000,-5270773319679580
0x782c9fa77818e35816c219bf22a44cb33bbbab78,589190029894614,-51769564552994
0x792bd30a0aabf452deb500a9c7e384610579bf0c,24313470773200896,-585555532265361
0x79446abde2881ba2737b795fd7f7d59c6dec81af,47711161000000000,-855110549211717
0x79edcdb2bd1a552a6854d56609d35fad212aefe6,50000000000000000,20619434137330344
0x7a2a577d5f3ba46ca4008b8198df389e72456876,5788501647687367000,-18222591673465672
0x7a5509e03b1a9d75a4106900f5a014888833dc91,11860000000000000000,3709886074212118179
0x7a73517b6870aa5143972d66d054613625db55f0,7796536579081510,-52376067375371631
0x7af17725d3b001c522dd5fc18829292f47c75b2c,760001000000000000,165785588900501669
0x7b3dbf09fe5c85b40d5bb31252a861f124228ac6,14986936440569408,7082677943838907
0x7c02237269b8a70ac2d73917e1df10a3006fa802,10000000000000000000,4108799875825519164
0x7c15fcb729f03d86b7ff03ccd0f4f19919995fc2,368799457048979,158447020019557
0x7c306c2a5c5717fbd13ff33a45d481f983fad045,70000000000000000,-1254585660676340
0x7cacbc75d74740b50dc68fbf0a573af80243ca56,6625153422702952,-582123407369026
0x7cdf725c602a04ba7938332eecffa3de0963cf29,2499574435901337,-108243060700764
0x7d52b2b2aeda25a2acdabbc74bd9e2c30b4d36d7,115961908681849680000,57874398721190623224
0x7d7bc314a053752425e3e019a1c6c5b5b428d699,500047808086023500,228210342208877232
0x7e4067fd59cd1083560001f17baf8b8bd77128a1,2753628666613217300,-13528927904497338
0x7e4524f2443dedfeefb3ace36c85e3cd9ee67485,3987741566349483000,1924508715203417401
0x7f7ccaea0244e0bcaeb7b2995ae24ec430eb5d29,1998689695028628000,869033028360621569
0x7f86a2e19e967f630249e083c498059ea348e556,59000000000000000000,24461473684895415225
0x7f96f965402b9a1b8318566955aa294ff10c9e51,20000000000000000000,9011247253098015247
0x7fc2a53de587b8c3799cf10f275ec68336737b16,24380168250000000,4805148579794034
0x7fe47a0cb8119767f1af6a71dd543d13d5e403b0,36972210404840520,7876546192729381
0x7ffa887ec3340fca92791c7d15c2d6f92fb5bab5,12143000000000000,2717959386898927
0x8013b58d3f8041b87bdaf3b9f7cc16e33d9674ab,3984929540905410000,1564433298118259608
0x807061df657a7697c04045da7d16d941861caabc,10623561141239106,4035754274419688
0x80952412dbb39a48092436efd17c23a46ff0d987,400000000000000000,65325916149813334
0x811f8b33fc0aae5448034422d18a985430f9a0f3,8000000000000000000,3961667212005876375
0x812a1667ce3df353dc51033c70958961b504c117,200000000000000000,91431335756113133
0x820fc206696880afbd7853c9aee5dabc42cca57b,289959801389688700,113943865598814891
0x828a2d3f75e7a97e75807d2ecb1b581fc1698e14,999999999999983,-59763357016399
0x82fa07dad4faf514d4c0fc6dbafde8882cb27a32,101000000000000000000,15603725943924968046
0x8320f13276c97b95caf895475c53c62253fc8af9,13262413081691994000,6387046407636388090
0x8353ccdae91c306e7145ba650a5106ca06ec0742,301178868682266,129503706365370
0x83fed4e58ef6bdfd71a570ea588b4170ac7a8566,180444034272881470,-4794351572595387
0x848e677aa363c98afe22a25230d51af1f8ff46ca,3000000000000000,-16875046571930
0x84b0c991d237e07f45d96f8fa66fe9f642980f5d,260664925635023,-22903492947389
0x857684b12a65cc6220bcf1b5a21f6a5761ace218,500000000000000000,-8961326147688147
0x85f1a0b0169f6c4ca211ba71e5047cb0a10b8b4c,19760397139120124,-9277999163553090
0x8612ca0a3ca7d204ae675996c9bb1caf25df7525,8999999999999998,-94873919754232
0x8620ba56f84e7850f041758f1e5fdf9cb8ddefac,9036076494174208000,4427656010404318980
0x865fb2828877329054ff2bf73ce439581ed8c2e3,192982647752356350,-3489895404950331
0x869aed62cab4feb211b41f32d5edecb0084ae184,30000000000000000,-537679568861288
0x86cb41f93f5267cf2ed5f89c12ea377b7d22676a,259755943732940,-1039222394309176
0x875f8197668e2df81474af8a9109c08c6377e74f,10000000000000000000,4848866108978197527
0x8821efb68417bd853b89f056c79106ed84fede3a,3969304308728081,-1125590372754170
0x884ad625a0ab9e54ed07f5f290d3c2262d25f7e0,30017114101170780,-544227905275086
0x886a4c551665f99e37c92cd98c73520098a3aa29,9999999999999998,-179226522953762
0x886ff7a2d46dcc2276e2fd631957969441130847,11998939719497188,-420658893291496
0x889d0be6a0a1728bc38475eaabe9d856b2ffdc49,300000000000000000,61530401943327015
0x88aa12cb8a52d68ca3bebfe777391be892606ac8,24991402003734410000,11675521688929311036
0x8952752889a333299af61d237fb0223f22ce9c04,121899862265737380,46848987483571477
0x89b942fe7f41e360a52404b962695b510feecbdc,60385783076545200000,30002736177654164160
0x8aa3d61ff0ce77b539991a8c52a8d2188392e0ac,20097092411380828,4495723283712234
0x8af7806ccd8873780df941c0117d6927e2fdcdd9,45948856319096350,10535823318666625
0x8b0a3a6a7c41e71606e0c0e2d87dfa9ec66fc58e,2000000000000000,-14305451775044
0x8b0ef1dc156b69f249987a8a3b6f8596088698fb,172405068908478,80891570580576
0x8b2cd498ed9e0a052a3a584426f4eb84529ffad2,10802393066041808,2427427511087740
0x8b7039a8ec8e14c82a55792c025500da2379a9b2,6684068546650628000,-21041896376021888
0x8bc0af2a6b8cd27884a32bcb740e0db3d2c90074,24835295000000000,12140054584057857
0x8bf3fee9d28a88c3a91a185e665da86851347527,2250000000000000000,323856681243121636
0x8c8a28151e27f52b8322d976076e1671c26d7a19,200000000000000000,94634713610008711
0x8cb9317f80f0be7fcd073eecf7c16e3826afbbf1,12251663663202066,-60193982006104
0x8cf0354a5175ca1cf9c14dbfc6e66cabd3d22424,358613202596292200000,177896761486965168172
0x8d2714db1f46d9e72bc4881b5f79d09e39167d11,1000000000000000000,203060553360475913
0x8ec0f699c048abc7fca287c5fed8aa5303462788,25000000000000000,4658477220958702
0x8ee5ad940362cbed91bf789b767e21f375875d32,1425000000000000000,712500000000000000
0x8fc80ea799e65acd70d4fa17e6a92a6ec393e71a,742827417505305500,248893526389853834
0x8ff5bb3f1485218d2386244332a8bacdb90fabd6,20219888781189317000,8890074057639514815
0x910259e2deac7a2a577bbc55f6aa8d76c232466a,195806471739355,91871388289899
0x9111016103f9962c13eccae0306a20a5fde53827,109891247203060350,53589633237585639
0x9198a98cd0df9b1b5260f4de4c2202ff237b0b79,19000000000000000,-340530393612149
0x91a88dd9c43e1e6d580abe4c54f1b6b53900a644,67662683202171404000,30486258289904060782
0x9224cbf96fe2d860112b6b8cec1457717c13c164,165699039147652830,81283073631711214
0x929e2afee8091680679ac34936c89bfbbb3a00fe,900262674549838,-80230990248322
0x929f48e6c95de2be1c0966360c0789be624a7d30,8005589531149042000,4000971636508372683
0x92d66ee04f409ead476e1c5880d4c7fcb256e87d,1595962889910812000,770406254088739953
0x93851725942fa66e6c16a4f567bb33a400cfd6f0,189713288505848160,43997549766740949
0x93fc945e2a50584b42d5194cdd32ed1482c8b2c2,55827000000000000,22998742989758783
0x9434725eee2d1bad39578b7a9c749f86408c6676,120000000000000020000,49305573985343275044
0x94806ded8efea923af3db034b4903e0cc9b665d7,55475754305712914000,27277807475863314369
0x949efc4548949b696ac9f6f860629f5e14f73099,398186369376544060,147047865819958827
0x94dfd89e660c72181bafbb7aaf32edd55b9b5b39,24500000000000000,4872485862740583
0x95b2632f24d7aaab5d457a4d7814e76ce87aa37e,300000000000000000,93194472628041444
0x95b8f44a42d7b164b522d57e80677563aabe909f,100000000000000000,-6963379072828630
0x95f1872c2c63f54072bd42f68beee71e0d6f67d3,5791030560733773000,2369362871451148639
0x969d3ecbe27b7739644d07522d49af213ed9511b,1000000000000000000,210377528874214056
0x96cca428e131a1773c67969b25cf79bc7e991a4e,2454687516504671,-215682712529687
0x96dcc07cf23bf0a893a511ecbb512a9aa73b92ef,9999999999999998,-179226522953762
0x96feeb1ee9496dc4e8d4156ff8cf208cba128310,3000000000000000,1456604701180044
0x970856d919371310f13765b586d382f28eb47938,10714274264007078000,4143466006654028014
0x9a8e9cc0c5dba77ece2afd6f75330834962eac6a,1380000000000000000,583596319074203500
0x9ad4a47e223312b4d8b15d514bd1f7fb7ee6ab8b,3710519685350717000,1692416358688794322
0x9af8a033f02ec1368d6c30e2f72c8c1098e55437,1000000000000000000,198876973989411504
0x9bb4a16d58cce7495e37ab51aa07013e14ed9574,124727509934239,19202695809957
0x9bb98140f36553db71fe4a570ac0b1401bc61b4f,99069901448427680,-7542891507977604
0x9c15db47e7db1545d37ee7ec87fef1b0eb6747c6,3300000000000000000,1406644746837247707
0x9c6292b26df61da254767549339abb18d277d764,3000000000000000000,456017780670625184
0x9cd657146dcf96d92b7ee248cc77cbf871d7c346,829558192680485,-63807569589214
0x9d210edf6ffd31bf316a168d460baad44163da82,40000000000000000,-716906091815051
0x9d9c3513189342c8e24a987fd25df3bda68b2af4,1600000000000000000,322547059745898153
0x9da3e74ee97fa5156484cd8419fc1ab5d00b55f0,11100000000000000000,1689864023737362747
0x9da99e31716f402eb309cf2ee5ddeb4f21f22eaa,113365202528738860,-2050094679465702
0x9dc5ba9d9d66bcea2e1b9931cccc165bafc8cb97,245000000000000000,-4391049812367192
0x9dd46a087c4457167f25205002a38f7870d5b6c1,11199933662941396,-24453238590239887
0x9e055775bbef01b8132ea7a92caa84f4ddba81d7,5766635956963741,-445171436530841
0x9e9cc99a89aa7b73297e75cf79f455090b07f586,3366884741193166300,1675277079383166300
0x9eda173b60b105d2e255a1f535f70db2587eefe0,291860610935890,-25644522092513
0x9eee468fc293c4c84a71552c2b58a328dab460ec,3010000000000000000,481477780582513505
0x9ff71710c7fab82f867b28c140273736f1820a44,23000000000000000000,11426346499253178463
0xa0b6253d7787ae282749b71fd4ef5d5c9d8a9e87,30000000000000004000,-811103644023376075
0xa0f75491720835b36edc92d06ddc468d201e9b73,9999999999999998,-179226522953762
0xa1122d9fbe7f60fe8e328fe5bb1534d72fbd3b59,690000000000000000,140111781818728380
0xa112777d0652958e8969cfe7f99ee02d6334b53d,1000000000000000000,-89352158168248352
0xa12358e39c9ca9d190a5c60130a64c06211bccba,4803725481361981000,2341654725097663837
0xa13977a0c8e8ca1b5ffeb801f9caac11506f0dff,20000000000000000,-358453045907525
0xa14a300d3b580424676d2f1895e23c1fe7cbce40,12020289158986009000,5838188240924427754
0xa15b48d254d9daa3c7e0b98c8beec6d14d7c6cf8,31999999999999990,13216463970693743
0xa34c6bcae6f46ac6470443ccea67d937f6060c7e,6338520442150446000,3060113508763715433
0xa36eb34488dc2f4af3dbc3c0913e82569054e068,33423772875053390000,7065082298014142280
0xa3774ce7e218d839d8c18dd696cdd725a10dff4d,4900000000000000000,748626115000407666
0xa381be84a2b30c39b600146129f782f73e8c6066,236990441797603700,79832743315491295
0xa3c63f2bd8b229b1a66f1684cc892bca810f2135,899999999999999900,155173982145120551
0xa52093dc50f2596abadb56dc643630e61944aba9,12853289983895534,-1728268355288153
0xa5f6d19f097ce12ee3eef3668b2ca690fdf57013,617853249489324300,298235726682695222
0xa65a864ca19535e4c06000768c6cfa9f6ebaeb12,15227562512338534,-1160413089173182
0xa67d15ebc75c3a197b3e89d29387360870e3d98f,256165133384217760,-4632486559378521
0xa699720418f612558e2827bf68631686e9d1095e,99000000000000000,-1774342577242253
0xa6e98f9f885c5cbbff761b5e614873427d075e68,10139166419951096,1988613626534151
0xa7d41f49dadca972958487391d4461a5d0e1c3e9,220000000000000000,-24161015500602354
0xa84a3b97ba880c99cf90339ec17dea71ee3f0197,500000000000000000,228016265183874778
0xa9016318fc98d76479430e4cbaa70cfdb230f8c7,9999330351679272,-433016959478354
0xa96416dc7e4707130f5f38efb1a807f582c21419,2714248172720381000,1207605604530617948
0xa99b8ae7696aac49f5208ccf79fd1983db2d7fbc,6281955574155231,-551968105559155
0xa9f45360522e7cd1aa6d0dde1ab728f8fe310c62,4497855860341476000,1976159073811985887
0xaa08547157253318445174a4b839541f07c5d960,60000000000000000,-1075359137722577
0xaa0c0976a9863969add87a66515ce464c8018c67,500000000000000000,205439891605596978
0xaaaaaab70e084f7014b615c502f7b082c243d175,1999999999999999,-21083093278715
0xab884fd9097fc0eda70a0b7ebafd9ccd44d6632d,3423175463046172000,1378699253796240631
0xab88ac3af5c9aeb1a1a2043495374568eb439244,9519464384893756,-836433919412785
0xab9ab0d9e253457b88818b7a2e1ac8eedb4fe871,12683716575471354000,5387242269439634014
0xac0168b4fd7427bfd616e3a47fc05dd8175d5b64,699999999999896,-45843993436165
0xac0d184d8fc0c5065bddf5bc26a35c361eb58795,126742061244167880000,61984494702742617339
0xac87234b21240cda556bc4ee81efd9e370fa1696,10946022428869874000,5301942274517697258
0xacde0b37b1c7df16aed8a5c6f5644df910da8866,20130362207081595000,8292994907328406135
0xad95a31e5714f3b70076318ebbfa3a735564251f,229000540919282800000,109152206808535285101
0xad9ef1bfb27027e16ace1fac869e3a74a30f2bbf,179000000000000030000,88939546289374736543
0xadacba4cae9471c26d613f7a94014549a647783c,2499244803596271,-119523560429528
0xae0f77c239f72da36d4da20a4bbdaae4ca48e03f,999999999999882,-77694052220468
0xae29019359ef9a58c4fe3a70c09243d51f2ec89c,220000000000000000,108426400304745156
0xae32761d6aaf1771dbf8eeb35cc5c253521364b9,16356537701829256,3632662031428335
0xaf7b5d7f84b7dd6b960ac6adf2d763dd49686992,99546592344136020,36739686677165491
0xafceda8edf6b50e612415e112d2d756bb760ac24,100000000000000000,20482074615189362
0xb019b1491def5514eaeb4d1b61a48973b4155dde,272900741205934280000,136450370602967140045
0xb089a1dfc069370a54f025dd090674826501735a,11500000000000000000,4985861825431365788
0xb0bd53e103dbd9efba9e4c07ff5b3883a666b78a,4988568454592116000,2365250508417757907
0xb0e9f5cf58861ecdc0969887557366c1f1a87b53,101266332916488220,-5006368241993428
0xb1123acefe8011fbadf4efe3e6b67458b311d9bf,9999999999999994,-656715910509919
0xb1c6bcd66322e1d21ac1bd71ffc6b570a1e67b80,33361567228109240,15953109968222671
0xb23448467234b60ec7224c2aec3de55a77c3f941,6134793671875347,-337944424307055
0xb25e55e36cc998a546639365272f88fe2ce50753,2281575426426868500,1140787713213434247
0xb2ae0efd74582283d799a5de46e02c3d8b0c5cec,48960570000000000,3557976280799367
0xb43b8b43de2e59a2b44caa2910e31a4e835d4068,500000000000000000,101530276680237957
0xb43f7be1cbbb7c96aeaeaff4598044052a8a2097,34251166271592530,7428988746149311
0xb4ba07546d91393a6b81ba34571c45631c6d34dd,220000000000000000,93661150966622447
0xb532cfadbe308a75d2fdfdc6de28a0cfe0dbb70d,1000000000000000000,202666475062144311
0xb5bd01971cba551f70c92ededfd0888543833631,320102296866279,90160088899381
0xb5c327ef90ec4ed329321d0f5f30294289b94560,53006052925549175000,26340377687464610655
0xb5e9e69e6c3a8b0546fe2d2e0154cbeac3820eb6,3000000000000000000,1448090110050550285
0xb6292e10ccfbc7821c77d4a6a50e76b6b06a3a28,500000000000000000,205439993791275958
0xb63ae4a1c6ddb1fd50f21cdabe4116b703715041,240000000000000000,50539604717804491
0xb79d75efb7bee118e7705841d1e450980d05b48b,1979031007978740000,970001365510708829
0xb7dee7ee352a240c1efb6a457326dc3a5ad6911c,778123645414637,-49309441416705
0xb7fa19468721fdd8728318366fc6b1e2600908ca,50000000000000000,11444213873972683
0xb82a11b1a2a31bf099eab1b1209f457d349c057e,30000000000000000,14815995073336654
0xb86caa7dd5a1d2cff98a53979badf1814a232861,1000201985467716000,46835278410465124
0xb8fa5a77bc10ee1d1933a4b34eb2fbab2c4dd00b,157085189318747,71360216489713
0xb912f4ead8b8b04b59662be1053a9c9e998161ad,60000000000000000,24652786992671637
0xb9b763cfdd014f6d435fd98152fa9a417f4cd2c4,22129670500000000,-396622389782746
0xb9cb1765b729979a2ae8f70494420c7e6bff20f5,287322579327599,-94993508566734
0xb9f256128aef64459ce9558826f6466bc010b687,2873969938201801700,1317846815810567479
0xbac9b91af52ee612f816e470ef1ae56cb287874d,30000000000000000,-537679568861288
0xbaf59fe069abf5fe49ed09f6ffdb8c878e1e8090,321334171856359700,34996250719146104
0xbb0584655c0fa6cd9bfbc4f61d8151b757f067a7,10000000000000000,-179226522953762
0xbcf9e99f3060dc43d16eff2e6d596dedac12607f,5000000000000000000,791709108655743342
0xbd28e1b15ecbe72706a445f77bd17fcd8fe6f652,599093184685272100000,296831514194328091165
0xbd50a7a7d344e2a154c4bdfbca7a82337df22ca8,1805569616197589,-165183385700355
0xbd6cc023ac272f13655f8b3c3192846e949f98aa,99934001832968030,-9656352865947124
0xbda7dfa62d6465d6918370364b3364326c72f3d1,10000000000000000000,1534993018340889984
0xbe16892ed5185cbd69f3f2708de5263645240a65,232527002218536,-15122870604223
0xbecff511eb1f5889f07f79af7954c2271d5b4b78,1195020115288669400,470757463502630760
0xbfc2749366f5c75fa59c135f2a5a926054aaa606,2500000000000000,-14062538809942
0xc052f5c80401c9d120773aeb2c266f6dd8f6d750,49773296172068010,18409555771388723
0xc07c059922a4b7d83d0ce22461f51b6fc9f181c7,31092573620107936,-1734011125924076
0xc1b9b257ec0af3f364df84b638238a8bad25d9e8,22440000000000000000,10297739467917870014
0xc2e6b1f5fe5d8a9bdbb49f9c3e52de683b86160c,43295126674375140,666711187054876
0xc30d4f4f1a44962c3edceb7154e3d671c06a171c,54000000000000000,-967823223950319
0xc35e8087612357c11116cc4874da99f2ff786b01,10000000000000000,-179226522953762
0xc39c86f700aa6b2b2b62d6cedf0d48c9e1583682,99743691194689200000,41559178855903297214
0xc3ee0c19a608251f76ed672e9b0c6c34e779e816,2000000000000000000,849489076284509876
0xc47fae56f3702737b69ed615950c01217ec5c7c8,201684690754697630000,99760577660220843719
0xc4fe86dd25f7fa9f1b4ccd4fda4e68dbfefcb601,250000000000000000,50765138340118979
0xc5240fd754f4c52a3cb71ab8625fb8e810e6fbb7,1000000000000000000,464147657167794034
0xc56a6c92240e4d346e30277ac0dc6e4d6e1c0a45,1199999999999997,-35643245233898
0xc6411350766ed10630579da82d232bce7f33869c,20772028613532086000,10201415817547067608
0xc65f20f15a040b103e1c757dfac6f2cf72bd3674,286467053418866,123057786495387
0xc770dcaf3c8af547e75dcfe902f146f9bcd4a201,26420978340038188,-980941265743643
0xc7dbcc064d3284a9320f074617443508b60263cf,1000000000000000000,202666475062144311
0xc85ca407b61129ab62a2cdec176035e6fecf153e,1018264879061925,-2808490452954639
0xc99889261527bdc51ab37cac88e232e47592f9cd,11492903173104040,-1009976391974353
0xcb783f4a61a4dded55a817e07f400ae6e264afe9,9940000000000000000,1516398572488348614
0xcbc853efcf3f0a78c6f52828ad6a8091a8b302b3,111842006735855400000,55833715410224541137
0xcc86501e6bad159bfd1c51b24978295ad79ec7fb,32760432818317990000,15746906046988900905
0xcd5802b00ea81d34e05d5f6b5c5e1a8488deb109,23100000000000000000,11349946729770038899
0xcf8944058fef67438dbb959960d958af4b83b10f,10000000000000000,-879214266484492
0xcfa73faeb0aa5521a88665550933dcc76dff353a,14794665418960338,-267546515009284
0xcfda0f042f8b3a865fb04cfd956d76903112c595,1318449593243297800,655886612894477862
0xcfde0d1af8284004b045e8e71fa212e01e8b2221,9994754013062722,-337651714150210
0xd0a2fe011342c2e59a81866ae5bbd6e13c6c572f,300000000000000000,-5376795688612888
0xd113e00039d6fc9536b2c7c796efe019b4b19739,60444474816555270000,29707231458717215243
0xd15eff8db1c969e80c8222727f779a0f0cf6af14,150000000000000000,-13141697588008967
0xd17295023fdb16ceaabb7da33e9e554877147f6b,9045879574352718,4143837436936545
0xd17eb5cadbf808fb48cdb65ca7dfa595134ea7e9,1469903072541601000,382957586779534362
0xd186763e8f267a4f660ca7eb203f9e4ee5d91422,100000000000000000,-1792265229537629
0xd209c92f3eaf49a1e928f14da7d54f7576252eb5,1102855520078384600,54581530545086690
0xd2129fbc59a674d36023b8257a9516bf1449fa64,367227379157517800,149739785141717156
0xd24f5143605f79df9d73e9b9b5969ed201b721a7,36170121265352520000,17439578721993401303
0xd2790eb9ba1bfb249a3695f880d468e213b613a5,1080451608574160000,443935722701136666
0xd2abdde471f53b325ddd4eb7ea4c9e8066dd6e84,26019392321114550,2726704637826708
0xd2d24db10c43811302780e082a3e6f73a97ea48f,16188662489547660000,7712828063382645009
0xd2f35a388b02234b26dfda38e302f14074f3cf02,43737047784074020,-792983778167121
0xd3320391a0a7d59f49b54f9c3b2ca65dc3978063,5117081795234885,-163731627032601
0xd33e76d21d32c21811593ae54e38f68df0cfe8ed,37500000000000000000,18481772779217924571
0xd3443514c851440060ad8dce2e6319066f88d9c7,100000000000000000,-48747982930745708
0xd37264e2c8aa7d5b08d6f32c0648fbce63be4358,6491619671791397000,3173423605192431753
0xd3a2dc772cb53fea3830c25914605c6451d03b74,8500000000000000000,4243875851955388995
0xd3aee2deac7037d2a3375f3d04ae448530c661c0,2080465736333035000000,1040232868166517524707
0xd3cdcb7f1dc60c0b1b03884ac469aeb8ae53ad1f,30147408922484200000,12968325334418621671
0xd43f3716cbb9386352880a9bd52f7f07ac01752b,274182384391736500,-15176977250294395
0xd49c5ec1beee882689930ad1578f4b45aedb3691,432894496223096,-38036556000217
0xd4ade9ac3b2195f77f342c41e8ed1dde55078077,1060000000000000000,444570469015679529
0xd581ad68d9130ca711c7410f8a7f5a0972d8706b,1299999999999997,-7312520181169
0xd58919830be1833052b8321021218f10d80d088d,100000000000000000,43423821271802291
0xd58e72dc32077907f9a20c37fecd306f2a99ffe7,142115839943421310,30241171674220729
0xd5b45b38a93291db4a49e074b296751d92e94397,800000000000000000,163856596921514889
0xd5e028d390b105ab9aa69da6ecae26a15d2b8537,25496794415848970,-366229717045798
0xd61e42caca8647329b0e8c2ffb937beb603894cd,1799999999999999500,895442578358929330
0xd64d9f5b9050a634ef9d0089d22766a36ca8a2aa,2000000000000000000,392475610943330285
0xd6ce20fc1b2938fd9b1e4853e891fb25310317b9,299763208796473900,-6999371511196044
0xd6d09e37005f7f22a9d86e746c6488d21d8c6267,60000000000000000,-1075359137722577
0xd76673f4c2e2d910ef2f5d56abc7fcbca3987445,287744195067370800,133174482054350098
0xd7ac4581ef4e2bb6cc3734da183b981bfd0ee2a2,48439111665109040,4650802119081252
0xd874387ebb001a6b0bea98072f8de05f8965e51e,2399999999999999,-213888520293134
0xd8d7177f70c29b64d5ee7ce01e722290c7fdb81e,380000000000000000,81907027110677432
0xd8feea7f52953c05e8ad5b9036f89dc17f1b3009,2500000000000000000,1214646469692632875
0xdb5d5d18d2edba363d887e1d58dd74252b03fa10,2499244803596272,-119523560429528
0xdb7ad06055a75fb2abfa866969fe3c51945fdf96,17999999999999998,-322607741316773
0xdbe67cbe1cd998f5176c76cd2506632a59d9428c,1361859428610069,-748360702120702
0xdc0575a380f48d954b169d34d802b9aa42b08636,584240497871779500,-25418147265385147
0xdc2dc67183ec7e9b712b466816bb831dc001f211,490000000000000000,240367755204950297
0xdc5bb4f6126a5ed7d99af7e56387db717c1042bd,4500000000000001,-330786292225526
0xdc8e81d002c4b822b157062c098ca4e22e5fa667,2499387439323522,-49084738877842
0xdd1f96683643d1f92b828f32a54fca831538bc77,5401214970000000000,2643670325484540110
0xddc78750528514ee272cb80ecfb0370154769ca5,16057134831311638,3203876089791196
0xde315acf47eec9b519d0ded389f51525cf73dd63,247000000000000000,51643924475996582
0xde3b0577c1df48bacb1324e414b80414b6fb0026,134500000000000000,64488303080830789
0xde3faa27dd5daca77115e3af6a2077c111bb81a6,10000000000000000000,4247550356159766285
0xde834dbafc15f96fd82a5ebcd9385a073e09460b,80000000000000000,12643879810333384
0xded8fea70bf81936c250c6d2667277220d6bfde3,136540000000000020000,67293366807317744573
0xdedbc83667a22f95a56398956285b823dce0b126,61579399587292200,13516265996106990
0xe030fb1eb2750fb9b8288f467c680af94953ca02,65247191331583010,14151945842562504
0xe086a05fc136e5d43943e4d81b7106270b995a80,269262925590971,-23658961796422
0xe0c5164d6eed00d9a53fba883c06e92428019813,34000000000000000,16308982510505663
0xe1adb15aee559798258ea2004543973e8c3dd15d,3599999999999999500,1484166195330178281
0xe1b72d7218184e29f4e22522ea3a9823ec83d3dc,19999999999999700,-50095473134287114
0xe236363a6a9846fddc5b8d909e0cb255eae7eb1e,14556366306252766,-263237117308880
0xe23687bffb584b3f826e8d3012761b0bee533b9a,1046647343172499,-91964348423004
0xe29576bc66051fea9ff50cbbfa8ff3284014bf9b,530000000000000000,105461765126392739
0xe321bd63cde8ea046b382f82964575f2a5586474,9999999999999998,-893515083678050
0xe35097277f3a1870e591066b5da18e2bca391ad4,9999999999999998,4759230197505055
0xe393c2f28a5e7f9e5159caea972213d760ca0fca,1021894077918879400,494106486058094878
0xe436125fd3ae7aad451a0f873270d23a60267f3d,1180000162219002400,524192214678661845
0xe45419390b38f2a90645a8930ce4039d99f116f7,7500000000000001000,3432788462551140143
0xe4f646f0be4ff5ce185540f5366295f91d75b65d,50910011182334210000,23898368400378979750
0xe52056995f13a6462b5f1759146d8a8297a651c2,7999999999999998,-45000124191815
0xe53bdcc00bcdb94cf34e3357caa5b3ae80996d49,750000000000000000,309631317979592890
0xe5a7a206e9a8769f90ca792ebb68e9268231f717,193822005155222,81989580423085
0xe5b4f2034ca45390f928087ef746f72a651d1067,269903467859514800000,134937166714506962873
0xe5cc37b25e4a223797d9bf07884b858b5dbe5152,375026042807933760,79338004782889918
0xe62292d3921e3b7dc06e748d1d2ce6ba1ffcff15,787240980000000000,377888510714650451
0xe65e74f39762c61ecbbeda7e65e52370b662d43e,40000000000000000000,19322335896242389306
0xe709cc831a7a66eefa33c53bcaa8a0a5f6e3fa8f,100000000000000000,20306055336047592
0xe72f85feb80bc41e52104c9fe9610a2de891e98c,12095521712585572000,6022684135095906049
0xe739dd6f006ead17a0454f8dba70d465d8e167fc,2000000000000000000,43169428955437899
0xe73b8c677422e01cf9d87d3fbca8eedf04677c13,99797699042644930,665776597684736
0xe77dcda98ba8839de3c5f1f627a62f58566deae0,2000000000000000000,307601375626048674
0xe7f757ce6160bf0fc0956b00bf9dd89cca4f0ead,70000000000000000000,28834353290059970002
0xe811e322e44226d165237669089b416134edaf1d,1004561823326225,-56023711629958
0xe8342f3f61e8fdb281061a79506ba4f39ad32c0b,5442342158647099000,765478447202608882
0xe85c79bb935903b8d4b399f6ff0e12025dc8f573,695071578940896400,287176035304857229
0xe896dc4cc152aff15b3ff208190117f919055f48,16929999999999998,8413050390209856
0xe8cd1c34c31fd738e4c1c2daaa7262af66bebfdf,7603619510584454,3323787859443780
0xea3053e144e720eba39d9e66eca55a7623efcd81,9999999999999998,1329963749200539
0xea5f0b20d518a291b7bc3008798365629f806796,1980000000000000000,831381538790040822
0xeac446a86091dac36348df5fec35a09d0bd8e7d7,50000000000000000,-3685991806951505
0xeb1f18f7fd4407f93202bd53815e57ef80982415,2510000000000000,-14118788965181
0xec0dda392dc44778110bda117748a94919c88514,201000000000000000000,82816449679502249091
0xec43f3c3b0a07b6fa419b304b9e1c604520bc236,1990000000000000000,401167905558960829
0xec472c3197f5e24eaa084489c60ba9f60a05b03d,4500000000000000000,1670718579683648494
0xeca510e9304139de92edcb64315ee9bd5074d67c,85135159181539790,36152565135169627
0xecca53828d3cc6dc1ffbdad81ea62c85210a9020,17288874576597354,-312651757266051
0xecff73ec72ef781f94529f24e89f567ccab92024,1500000000000000000,302387868511779518
0xed09c53f4c6ee0addf39cd40ff8f236810bac7dd,186219525409376300,38415040563627343
0xed9e0b46414b2eb59ff4e6a9582f2834df358d4d,2000000000000000000,975890882988873190
0xed9fe19237d1ccb8e9bd6ff3b5216127c577f976,100000000000000000,9873962137885646
0xedd8c7f48ec38ac1804eaa478564bf43e6c81c5f,100000000000000000,22382931622325014
0xee63abd7b372bff8c9398b137cbca7060181d116,1500000000000000000,329183775210021133
0xee8e0fcc8bff03ec5f100d02cb7b3196d78863a7,50000000000000000,-4396071332422461
0xeeec0e4927704ab3bbe5df7f4effa818b43665a3,4681143876919822,1935502893070115
0xef67e0f0e0462328378ebdf140022f9e3803714f,13540893725750934,3063039644863037
0xefb263f9b862eb538ad980f5a2b2331cc70053c2,2000000000000000000,860560565525651253
0xefdc8e0de2d596aac815deadaa2dea18a351f222,120000000000000000,-2150718275445155
0xefef0a554178c01855824758955aeb6041c0dce1,10252726553831300,2243686929799749
0xf02f24d3b531dcc7414df353ec13ff1c1c69045c,259983292608700600,-3098738065183533
0xf0573bb8fd4abae0a3e539b1b44eaefe2e3ca2f9,12355631546609818,-223439061811952
0xf0df445dc04a2ba14c2282cb5addef8d634f4211,4731510611420159000,2292734021907590657
0xf14d0b66cb9a4f5542c743a4049a0381f77c9046,1000000000000000000,140546273027210691
0xf153fb08c86a5c4c10bbf31617467000e2c8ea4e,6942080085000001000,-21342208061442769
0xf15c1b97dbfe46921857a22429b5c01ef6c3ce72,253535947071476100,55876068453137979
0xf193bfe054612eeb19bc92525acb0b39a0f47763,500000000000000000,212372269071127468
0xf1e25b3486b90b46cf0a828ea1c068a951c2c930,1075761966421667,-74955064190565
0xf1fd2bec62ce46cb5f8cf3995d126f181e364377,180000000000000000000,73958360978014912565
0xf22c2384197e6c8714a54a5a19bc137d5c62a7bf,40631890127092720000,14800370355372208951
0xf256c04336b9f798de7b4dadf5961e6f5e21b219,300000000000000000,-26805513434674343
0xf2fb7717a57c9cb30bab1de8fb18a9f0e21dcb45,8390572053051000000,1232123443645679419
0xf43bca3ab41e91494cfe684760c106388ace2107,11254521049394188,-203526595539302
0xf44b64f6d71ea6df1862b8f9a23e11e346fc9b7d,30112787518932988000,13289902053065362021
0xf4c0e1b549eb8af16834dbd697b4cf351963a271,49400000000000000000,7005043502572132776
0xf4d40d62ff1d13c5e5e3039790013608a51836b9,64000000000000000000,30835991209913648810
0xf50a8460b8c6b92b913830effdfa4e65bd02edc1,149879445599919230,31220919496174616
0xf53b2965d13404e5d13ce40c7448f8e13f04034b,279299692387330,-1498594062884023
0xf56d4380594624c6bdd9ee58d6060f4310733285,2500000000000000,-14062538809942
0xf589f1a1dc06f25171395737dd601c44401598da,1187107049374543,553658895461063
0xf6030b263c14ae3ded0afd41b73644921b8a75fb,2070000000000000000,330890374379136197
0xf6077f70d4fea8a77c53f437ed6a46b412cc348c,45765472275337720,10336687287939777
0xf60c34f5b9bb66cee397d01dc48f4b3a5a96ef9c,17703031902899584,8757705342768960
0xf69c70bf08fd6d33d4b06f58969c436cc262c68d,899999999999999900,443562546701230188
0xf6cf435ba79dbf69b6ce8211ec9455c6d5d8a675,2000000000000000000,377377147997075844
0xf7b18e107eb36797f4ce36de756630b9c30969ad,15979627064658588,3548953059159820
0xf823dbffa5d7232723f988a589e9c1f1f126c3d3,2505044478899262500,354764522901744291
0xf8707383d3f44c830894dc52c335bdfb416d64fe,500000000000000000,111126845743500193
0xf9224b2a7044563189ea40dcc351790283736794,1271356424316573400,615385791680131728
0xf9b404fc99540413c05656188df4b334217e13f8,961877388428932,-3825398361974564
0xf9dbced9957382948483c00ee3af23a9e859f866,35000000000000000000,17124742661752456935
0xfa820637ac5fc0b31631a2c28e23238b62eec3c0,35000000000000000,14372689391141931
0xfac10f1a0eb54108d97950b7a3370d38403d5786,800000000000000000,164166398506468947
0xfac5a8052b4aaa4c3a4a76301baf74272bb4c599,500000000000000000,209703051422490343
0xfadd3b0dcfb0ae4a0ee676fab249bfbb0560c78f,206782639252634180,41956036244794240
0xfb00fab6af5a0acd8718557d34b52828ae128d34,1000000000000000000,410648288551085516
0xfb2c9a817c1c347c0164a8211cf7014650379cfa,999999999999998,421909795771240
0xfb4c70e90cd872175cef8f4609ea4d5ab53faa3c,5805575976108557,-446550581224502
0xfb4fa7363e2a9462cff3c7ba6d3787432ac564f0,3173863791407083,-17853033097650
0xfb8fcac8a5051a92606852ea000ac7c81dd0db5a,1436612896638004,-2239254658780090
0xfbbcfc2f4762d716f24d3eab08e2a0fb5442947a,49999999999999880,-2965169114434714
0xfbd94fcd75240ef92c11c7abcef14230e67d1d1a,1878836354939951,800918876060066
0xfc07314df7da17fa9e8b1cb2b238b37c2038acd3,2599444356438833,-124315490892664
0xfc4605b7046b3fb512b69ae91918b9305f1c4254,115000000000000000000,52408769518444054075
0xfc7ec74603bfcba8a6caa46450160fbdcd533283,12094564040048046000,4831795464749444737
0xfc89c42b02864d1bd554ef0ff557d52fbe630a65,13059627494573510,2994501689767703
0xfc9b99d047faa86a525bdd0805e74cf4d2355169,18770000000000000000,9202404360557533119
0xfcc9568e7bba18aba8f1a4cdda5f48a5ec848919,1600000000000000000,316272381005347472
0xfce3754e75d57778ac509642fa0f6add3d8ddd92,750000000000000000,-49002563982531872
0xfd4441fb7f09cdf059904821a913880d8b1becc7,831539885535253,-73063791982879
0xfd75aba47932f8f8c3e4a1039695159e47d97e2e,1037948495733791,446347603786365
0xfd7cb714a4310b5cd066501c8a566f67e82dc050,5772676602066851,-151289743924497910
0xfe184dda610ad68baa1dfbbe9dbf9b2055e74ede,3960000000000000000,622586148290682201
0xfee576129ad9bb95877f29180e654aaaf0baca49,25182065478381748,-2212638534623533
0xff14604575e923ea533eb07f0cb8dee12d15b917,93731895224155740,18880469937964551
0xff909dde7fc5dde0ae06e42ea1afaea8904ddc68,500000000000000000,205982257597209082
