token_id,user_address,mint_amount_wei,deposit_amount_wei
1,0x0009d32184afc79797ec63589e62ad5b53134aad,72517646650720701039,169831698985335420000
2,0x001098febf4e26d8d08e54655c0dcab607072df4,1017897025454211915607,2395541729024922400000
5,0x005b0743d8b2ed646499dc48b64b95e71b8afa43,303232588856716596580,1011915350658962200000
6,0x00983187e18f62a2ac1dcebd63f2e5f50394cc74,294488781766371551132,720053990640000000000
7,0x00f9da19ca19947815e3e88640538435c0946240,4754689457796413868,12560000000000000000
9,0x012b41fbbebb18628dd430f6dfabf94f9e8160dd,9129539208785887443,25706392029748670000
10,0x012e168acb9fdc90a4ed9fd6ca2834d9bf5b579e,574279977333361417827,1380615646446726000000
12,0x01b9369cf8624e1f9960864c18411b4b07eb91ac,854813567554448994796,2742339227726096400000
13,0x021028695eafdde60e139d87000a8bd6cb65645e,73804819574994541642,190260000000000000000
14,0x0212fbfb3bba5d8566f09e8ef78bcde68ccb30a3,763688019202854213174,1952083797684760000000
15,0x02131f806a105353d9c7a13900c6a510b59df80b,12675807481807014130,50060194472465190000
18,0x027f7432906e21f381197124397a4d27ff709bb7,4447613024872764212989,14100000000000000000000
19,0x02ca2568cfd5014566352022d126472b21279edb,629057502396680342282,1504555436301765600000
20,0x02cdb392a6d69e5c2a970baa9b40ece990715e1d,45674698667818615301,149999930322905000000
23,0x032c701886ad0317f0e58c8f4a570c6f9c0bbf4a,54785391822967001362,149230969200289480000
24,0x035fc3b0ec2487c1c9def561f578ec77a06b1b12,3959906883807915234175,11623910833993550000000
26,0x042d7f399342b14166e5c716b816cbc1fc649511,2660540569292868935,10000000000000000000
27,0x04a8f225d9057c468b5062c668dcd7db725ac321,427647439848464348813,1013644119729029600000
28,0x04f4320a12ddb86ca115e43c77b2155459244942,33189371676801337358,95164426520000000000
29,0x050b0fe971b95da31e34ea2efc417ad187e76fb8,36617359379870322703,92778563931882640000
30,0x062164d0c571002b9b34a9a71ddaeeb0b6f93132,658030107269400706833,1814095111241686800000
31,0x06850a5c42d8f51c5b10aa573a9569b75e1666a7,1341036911724537024695,3913972782420000000000
32,0x0691e1f7c2f6edf28fbccba8844845ae5f53901e,15334978488673001243,40000000000000000000
36,0x07a90e1b2788a108aac075a8c987c9aa521497e6,460164518915060317203,1234767066057338500000
38,0x07fc63bb1bfb664b1fcb41d8193738cad1255c09,3270482939638034822964,7682251006730489000000
39,0x0822b01ce57d3626d86774705dd772790e7cc470,131356925116570565807,309926044750000000000
40,0x083203f1d4dbab71e23b6b0298df2a7185440f46,31146803416769879862801,63313302465732720000000
41,0x083bdbaa68acd8cbfdbe5502ea8a27e9322e9bae,585928396852719458857,1410422608843377500000
43,0x087e8708f3c370f7f547cfd750939c17f301f5c3,1501253111230260584970,3494250000000000000000
44,0x08acea65474e0b290fe3d2598f8e78caa352b570,116608037158284042149,278156550000000000000
45,0x08fc2d49ac735e8fb5bf247ebd677f63ddfcbee4,1756758711669950366,5000000000000000000
46,0x0929ec1f6257a5df91a2b7c7af1292b0bbce9b02,8797098955267015643,21748051095443608000
47,0x094e715a19a7751f8c9b0d24a89b8cc743ad4e14,35576519603464559309,100541594767021420000
48,0x09641015fb8b08388a7367b946e634d37dddffaa,3335907507463834961,9080731028482484000
49,0x0979b13d93a61562cea2149264ce709d05c82b55,384518156496386340378,893954545314412200000
50,0x09c6232d54b51841a202d76f76fa679df53a3b3e,824404462697065812104,2000000000000000000000
51,0x0a8774781cba956b6065840c2f09708832c541a9,20417623624628002512,49421990093769970000
52,0x0aa8afdc36571f9a37f3b9fef0dfcaca66ea86d6,875349011285371014565,2335699793446397300000
53,0x0b0806ee651e7b05fc383d1b1bed3525148e9e87,6282525786974950971,15000000000000000000
54,0x0b2ca90df1f1519a25da0fdda1314a12e2092f34,935168699855494021444,2970695600000000000000
55,0x0c4e11942715bd67afa0a77329d7acb3b89f0418,425286677431032138522,1017722847129132300000
56,0x0c6689245d23c2b1d51d5fec17c4a5a00d83b372,1595865891234032004523,6457404183311591000000
57,0x0c94edf79a015337d0a3defe243ba0c5b6ad1aaf,85835398352315040757,204451650656754500000
58,0x0cbb86fa9cfbf2b17cd9ae5022efe9ddd578051c,2146729061326324081353,6495122658785008000000
59,0x0cccd195c06dd53e7e95f9dd68115d5de0be6b44,74769098387161738597,189119360000000000000
60,0x0d07e592baca62cfa18f692254158006934792d5,75313977193148592007,185000000000000000000
61,0x0d39023c538a3b00b406e50768d4c9d2a59c15c2,7499039626845026742,20000000000000000000
62,0x0d567e8bfe01d9a0e8f1f696ba0deeb37f045211,11664148283565677402,28000000007934070000
63,0x0df190a2fb14deb4ae241fd280c5820a7259e1ee,4444405810856523758,10640000000000000000
65,0x0e44ccebe5c4b5463291882d04c5a4af1c2c04be,56565702795960451109,135773575500000000000
67,0x0edc16b7e2f36f3f3a6f523c6248181ef38fd715,45862549700040560606,109934550000000000000
68,0x0ee6ff7a9fab79952b4179654b97c7bac82386c8,408263367069769325713,978289596440000000000
69,0xbc1f278341c2dedbba9f3d98406d24da09c8bd29,3760626578747303326246,7999955635739748000000
70,0x0f7997042252aae0f6f106298dc38f068f49a4ea,39786080682969543524,103778641000000000000
71,0x0f96997c6cbe8fb6ddadf2747a26614e3f7baa57,41948991895258640705,100000000000000000000
74,0x0feee57b985476a795df5ffda50f17ed60d92873,41948991895258640705,100000000000000000000
75,0x10485fe2f23afaa8a85eef091b7233a600463c52,62382310890820796261,129166767667885330000
77,0x10c9cca806ba4a8f580ffedecd9c2e8a49e6ef91,2940436413770491732145,7037928678205643000000
78,0x110724f68a1aabaed919810114df0d3db50ab605,326657708119067103331,698741000000000000000
79,0x1109940470391b15c0ecfc07b9f092b16cf36ec6,22778499541170048425,61579690912646080000
80,0x11153b62cac9a11f1d5cf6548db69827139d25f9,205930804566432451053,473000000000000000000
81,0x11360c928657afe5cd536a4cebf03dee47bb2f4c,42148716127547710006,100000000000000000000
86,0x1244d96845d94b3d1a550110a5c97ef018f4d24e,578734034438358530990,1398955914020269300000
89,0x12bb0aea5c4bed1e050e4358d15e6c82beb90d7b,11928355791417993952,27270086984676577000
90,0x12d2dd1c6389a66a53f9af8f1bb54607c6ca1305,20590083299462669867043,59500000000000000000000
91,0x131e1961b5bd82a40b9ee9c4b1cbd0c0df399342,5959784462336318396459,12233007255057783000000
92,0x1436531126fc43b958f6c637f63c1186a8f07a93,71955639557046675330,286407763223514700000
93,0x145c584f2f022997a9d0e5fcb4346042229525e1,4601609723374720747908,10148232856339088000000
94,0x158523c18810737365ebf3daae3a80f9575bbcb5,4645763100667419868902,14604047074381957000000
95,0x15962221e0e7a41de9da1615f9cb64cbfff83408,649829664129189922723,1476345274319228000000
97,0x169cbceacadc1d436d462a4ca7836c5dd7faea43,1827233210279026908990,4500000000000000000000
98,0x16bd8953729774c820d8cc2c9caf7ae332b5fb65,91971191001981864673,242951336620000000000
99,0x16e13d9f28e2c3aced2dd3cb383e0b68fd7a3c56,120128567907123178719,300000000000000000000
101,0x177a981a8a9d0104e675f0c1eb2a1cf330bc5bcb,2869572081045311943483,6481108989688613000000
105,0x1898fea3b23f01eabef161603da4ab9003cbd732,2457701153677742053097,5477112412098487000000
106,0x18bfe139224078667a714dff35a9a04f30612310,902832435751393633457,2545960419677515500000
107,0x18df3818e91e7704b77493187bb4a3466aafd5dd,11847184570133415006,100000000000000000000
108,0x191635e87aab411193b3bb89c27cf707a716ef47,7010791535089004886,43658166506494870000
110,0x195373b6ac3dfeb89d1657b8cbc2ae784f2adbd3,41779083015565532149,99882000000000000000
113,0x19ee961b247a33f8c5a4fcf1d10b7bd5f6d59f95,136561715735316591871,341160296160992500000
114,0x1a625b318bee661d175ecaf2130553eda32e37dd,296488640162824814418,978392666050000000000
115,0x1a96f3bc6cd0e9db43e89f983d4227ec5f707539,403137115408937505714,1516950192761695600000
116,0x1a979e39a5cd60de54e2ca4e1442c3ab7e636ce3,374218202053818020459,1000000000000000000000
117,0x1b3fe9546194739e58d887b7032cab872b681203,98211656617307069002,242817039576143500000
118,0x1b6aa23a4de4cf66303386de2dfcdae29c7a43da,13990031586331600621,32103065059812205000
119,0x1bd10f3aced07b3a99f3516b9b1ed11ac26d638f,182876554177805742821,497674367679832100000
121,0x1c31a5774bfa46dea7c47abe13cee28680a40bea,8561665986034125944942,25000000000000000000000
123,0x1c8f9284f2c806d6e3a8d6adcd49d5b3053ff2dd,56149813675391278132,142450310110000000000
124,0x1c9283aee32fa4fb74b5d0eeb84c55591e9b5cb9,35263084122650653816,300000000000000000000
125,0x1cb590691dc6500a039863d62db3f8d6ca99775d,1840018655025275079359,5400524026163895000000
126,0x1d0c5ae813fda46d1ba0f18c9255c3390b1b6974,35057943828411102953,837941118638042300000
128,0x1d840c4dde769ca6d65ab55398d1f60277f1963d,80051716075388922352,193932784071956200000
129,0x1d8b7d3b3def5c8a4df9f41c159f9b5b92be70c4,10948991895259640706,100000000000000000000
131,0x1db66ad6b4ae6f850c8323605880e4f7895834d5,40206247413297349656,89678802500000000000
133,0x1e33e838f51daacd9544bfc81bc6d175d23cff47,48740601969145823245,122766810000000000000
134,0x1e34b2316fe3c50c2cf345232263d1a897f9b104,7373573918843122458,20073478115691524000
135,0x1e3a64ce9b4a573674284ab590b4fc538746fa21,206419167584579035460,512530933340000000000
136,0x1eb3b991e98c8c0f23402b9bff90fe3dd20bf1b4,348838756318241141633,1000231053370000000000
138,0x1eedeff5ce466e6687b18686c40ed0a34febd386,41656694557394382531,101498278776785880000
139,0x1efbf6e58192836025fb81cba879704b2d78d1f2,19217118176178424821255,58170345945778230000000
140,0x1efc68d4513138f59daa8316087709c5ded0c91a,15291235863602599007,36422250876769698000
141,0x1f2091d9d5d79d0b0d4752cd458c08920e80e814,27549927369712392806,74953871505754690000
142,0x1f55e00f62d70bb00c0dba35b288d938085ec076,159598681143550859400,392873456000000000000
143,0x1fe9fd1156688699f4ca017e72ee0d9873f9d758,73694369140265830010,200000000000000000000
144,0x1ff034901dbee276af5f75dba762c3aeb59784d8,1076748045234972439894,2604105852938912500000
145,0x1ff37f8fe8c9ade1854822d48d33416f880ff242,417613241655584735169,998752806000000000000
147,0x206a077970aa30bd74542d6f7533e9f1adcf2839,20820872340404450919,50658592869756125000
148,0x206f83ec8a1d66f0903a13e9caf49aa5df85c27b,76387981776183606990,193945117717200000000
149,0x208437ff6d54fc97320d67f8bfe667eeba5df2e1,63667846233229689726,148813978876609200000
150,0x21199c6c8b99553859258f921a7618df70ef53d9,110831123353403048644,375000000000000000000
154,0x21d35174385903a4f7887cc05592dbb02afe528d,39728645186229337141,121879000289215680000
155,0x2241ce35734ff196a6dac1180de4a9261f874701,89765050667951230420177,299994343740000000000000
156,0x225e9b54f41f44f42150b6aaa730da5f2d23faf2,6749662195167790056151,20000000000000000000000
159,0x230aef6528ac4a89dce940d1959996eaa43f40c4,37759715017271655406,100000000000000000000
160,0x23118db7a1557cdf869c08c9e3d06d231893b16a,33411463885464488839,79078986377571100000
161,0x2330eb2d92167c3b6b22690c03b508e0ca532980,2355633261502803038427,4808079337569121000000
162,0x2333d701ab84e0afa6150a6708c16b71a6affe7e,2353936980020216635602,17790057512561543000000
163,0x23531f1cf89b73d0097165b62d028b269559dc47,5194659861249948923,11597243197903876000
164,0x2362ef2344e71434f10b6b592232f4caad15bb30,226796384794071641250,837726660480604700000
167,0x242f0b090d2a5a7516f091d3db051b22d45508b4,8109510100193537080,17587847090819858000
168,0x243cdfdf30171bd4959e9183a6f29f8eba2559f6,69128741032853537111,165647799000000000000
169,0x245059ca13382af524b1c3a7374b8dc48a0f2195,2956571105643780038291,10000000000000000000000
170,0x24a2d577b6141d6e0a7adb8044fdd5365bd22170,516777151325322337517,1149571893179929200000
171,0x24f8b34b3a381cc72576a35d55a6996c9bf2c4cb,1498593991917486645828,4000000000000000000000
173,0x257075aa0c4b06d7d59def1f2848972bfaea9ace,1370785558376091096777,3246051721242411000000
174,0x2606227f1eb06106d7cedcc10d927a9a91f3b6c2,214744077534830212452,514976280460379600000
175,0x2642e2883bc7344a42334624ac7c9d9254e03d37,2556077506199720777749,7424699822779962000000
176,0x269eacd11961ef75d3e54ce959a8c78ab6c994ce,691484331117472818263,2885149659090000000000
177,0x26c76f9893a74ec994e204cbad68d2e3d8fad92f,55802480247456241652,230000000000000000000
178,0x26dc3f258767b34cf213a60a1b2e7d1f008cfb48,10350330979274899169064,32589974692500000000000
179,0x2702823b91733bb773b1e10256b32a576fe2aba0,111765837434816829522,487000000000000000000
180,0x278b99f8f14c1113371d5b2696c5bc5dd8b17fe4,29369808622184300548,62852782874342160000
181,0x2790789939226bf96f6cf7c2f4dd4c831a928d17,1975107019386153888717,4975340196478000000000
182,0x27a28f390063c17c80186ed66d80d32fb11133fa,820067598645914766091,2000000000000000000000
183,0x27c72e4bd23c910218d8f06c4a1742e06657c874,736467594012595974526,2004751066226175200000
184,0x28395ad01ca521ec9f51b3a493b94e5104a276ea,2384441287173651306859,6900000000000000000000
185,0x288074773717ce071b7aa306e94101cf0e4681a8,73895146021881509614,199670586100000000000
186,0x28ac178f9b6b5746491099b04492730318f7d459,110201936210033571716,263617047400000000000
187,0x28bf93add6daf977443d76681acf2aabfeb1778f,35898046323466098063,93920000000000000000
189,0x2949cac4dfc9138e5df3fce87bb52a124614e959,40328223247874693430,96964410000000000000
190,0x294ca11a4faeeb79ff01e515d130772559f886eb,136343920384768430798481,276314976809117050000000
191,0x29687e2a2b38bbc1f4f9069f1f24f13a3c83d27d,26605913106267805759,63551297243830410000
192,0x29d2e1b1cb9d50824a24edb7ea75c8d91931f415,4183653309454125899924,12203390004000000000000
194,0x2a2b7015c8b308aa45cb4d6a5fee46770d92ce1a,5529603894459766195207,11788380244100000000000
195,0x2a3808c23eb2526e7f39c3af8d917eb5fe0ef9af,44889288435523747478,93025844243147440000
196,0x2a5a2e72145118befd009eeb6a3bcabb120e321e,299387390184388289349,699232517750000000000
197,0x2a70f4c0cf4c6ed5a2ea3e448d8a3aedb1c494a7,1731376230178223163,40000000000000000000
199,0x2aca7b284ccb72127510d39b188b68823637d3c8,1776691390626212818009,3900000000000000000000
200,0x2b2411bd9dcfb0d3f375521917e623676987dfb1,6985137720088044793841,15421811496285209000000
201,0x2b30ba56632093c6937b9440531cca558f35fc93,64428532304410353116,300000000000000000000
202,0x2b59fd03d176afc335fa6d4fbcdf5cf48a6844fb,4563636568729047074,10940269783365544000
203,0x2b7340a45eb68592492295ed60983d0939d02b91,68091606149935850587,159799342655818830000
204,0x2bd7ab7bdbc4eb1c88acb8ceb80d805fc0243eb5,864444548896908688858,2015853716481627000000
205,0x2bef163e00d5411c9bb67b08643e322f70b863c7,150527127374122565878,335580000000000000000
206,0x2c066385b594a8871870f51cfc5845a2c2c4a0c6,49581937575563456115,124283040000000000000
207,0x2c09d55d59956f6db6ddfaa68962e87d1d92ce2e,94669521912900831069,624945724316840400000
208,0x2cddc815f81199dd128581e61f93688796c560d7,326196527293502226531,726945603516176300000
209,0x2cdf675e966ca6c95cede42144f774031991a60a,13611286302804760238405,38590805380066580000000
210,0x2d42af353533fe0911e6d2046ce773be2d758ce0,21257534688475235359068,43053958669255930000000
211,0x2d7b10f39653321b77f6a53ff13bcdfd836dda05,771403612153051671373,2094558561579879000000
212,0x2de55ccfbf37e76e536934e1c5b7164b12792c4d,2110156915663218886585,4576493118792770000000
213,0x2e14450770d9b5df25c4d816605a953ec2dd3e2b,888741234580095513586,1979800000000000000000
214,0x2e2fb1c83812821805d2d69e1d8da146b35e77a6,398314399187710443354,998942823606960000000
215,0x2e31c90426eafd0171561d130dbdf9f921273202,2390164891723592714,4999872272844234000
216,0x2e765f16c376ac1c06d676cda48392dfdb0ee600,20956841157671975677,49990401840000000000
218,0x2e96bc789dbd3d1613bf0d9462fc50fde8b4da0a,1241893706288760848128,3504466927342264000000
219,0x2f386be061537dd52c25b14b1a6b33bd4e54b1f4,39988407946226111306,100000000000000000000
221,0x2f9c8f825173daf5a68e6035440e1de57d69cb39,507226274378090153662,1142620027446645600000
223,0x3009b326dce73371ed4577567a7f34f5f1ad5c85,114904063545444064232,276633404063448400000
224,0x302215755b3f07706489edd77754d4ab53639228,2409777545909405628653,5399597150000000000000
225,0x305a41f9582b704224240908d5880393c7c1cfc7,63952253475988062152,160000000000000000000
226,0x30ad59ef57a14aef057972db43fea3cb1e2563ec,48706033585234812706,252929586295463200000
227,0x30b14392b5c8dbe992e6d1d28dea0a612d152f33,17621340643730934738,47822760000000000000
228,0x30c3545c8df984704c85a06312aefa4d415a2468,131486548134311005596,422970114835462800000
229,0x30c79e90d8a4747d347488c81e8fa0e629cf6153,51365008228673191969,147137723575860260000
230,0x313bcc02f4bcab75426706a148b457f160d1ce11,36264022006855691824,87196426974850370000
231,0x319de5a8824145b5f4953f21adbf384cc75b77fe,204866871826709030329,495000000000000000000
233,0x31f17c7f7b1de79b96a25c64cfb6450a5807574a,150393573111830898853,666000000000000000000
234,0x324c88b7c20670ce4f53338fb08a1f97254eae0c,420016769148432290774,1006572108151919200000
236,0x327d5c63f2b885d1ed7804eb3f00dc26276c0fc5,151238412739523291266,362280000000000000000
237,0x330c74db36f36ee03acf90215050f06f397cb28f,425131255731045238513,1025532890535981600000
238,0x3382a350c1e1db5c306e10b4d750bf4668c12c65,218424557894899770795,479462479736203000000
242,0x34993e20033cfe4280d8fae0557cdd09042de668,366870755491093461873,1358651344422283000000
243,0x3519585b5afc6957e87b3f1968caec0a738ab785,1639096646418695253171,3554861000000000000000
244,0x35340a9289e212c4faaed35a0de0e0bc3d4028dd,1613746712881913327616,4978737090047363000000
245,0x35359023af331621460a038d0c0f300576093086,68437176258254849029,163949529506616380000
247,0x358c84faa7f860ab41b93edccb7e64f7eb330bb1,5056257062327413102396,12500000000000000000000
248,0x35dde84c5ee1a2e08f8de9890ea9f4a24cfcc32e,292501605269348719253,971400000000000000000
249,0x35f44d96853145e8b86d939f914ab2ef5f11da16,62495402785441856364,262611923471768000000
251,0x361221f7f9c886aff787cd4d4faa3959db9b0e9c,97529747173545912850,247000000000000000000
252,0x372812e9891b2a8f2c8d7788ad3d90a0826d73c6,8375196359749239726,23221842897945800000
253,0x37672b189cc69fc47ade93aaf4bdd75394ca69d5,20229358982112704995,48320161032982890000
254,0x3771ce1cf0a910305af51606c88b95b06748762e,7431914190562828310905,14999985092217200000000
255,0x37cace97bbf0d68b391c0da54b6fdfb137bf07a3,139160411516227871210,310000000000000000000
256,0x3813d76b2e9b3748afa4b7fc3a19f7b0318ba47b,15626779932791829616292,49950000000000000000000
257,0x3815c846be224426ec3b704099fd2ed9301d351a,566672481348642297693,1336713473677711000000
258,0x38476bc1deb12f317cabc3f49fbbb80fbab6f3ec,67268479552875513432,161209218891411360000
259,0x38542c48f6eebf09dd07902586d55ae4688a406e,421585404928402458035,973588271680000000000
260,0x386fa844087ab11093a38c23a414e7d932699d9e,23754561784167674250,50000000000000000000
261,0x38c2ecab11d12a523e9be30c671f8c1f68947869,223678124409607359912,564261536000000000000
265,0x3a271b7d12dfb1b36910b1f1bdd352c281139da1,189577958932136090684,747018892089404200000
266,0x3a5dce085d252c1eb7a1ef2c65636ab5be66aea8,190278011977297576265,455529520390000000000
267,0x3a6c0d15be9e590e4e09311ba87ab96e23c44b8b,2258115491187990184195,7541803321643488000000
268,0x3a92a585f903ac79f6d41d971e3d76c207567ac4,213293734488817790688,510935951990000000000
269,0x3b320fc9e5b36ffa940c2bb26cd632d8b511193a,41037308657316086376,117536253961628400000
271,0x3b63bd52c7d2d56954428b2cb75c573ae6010714,733111987498115371309,1999999396257925000000
272,0x3b88c55f68ac330f6d5fb229dc3a7ef5448b5e57,78970894996610635862,191000000000000000000
273,0x3c6d5ac1cf91a7e7f99e9357e172b08583acc446,830668284466571060827,2025853200000000000000
275,0x3d3dc4b0445f1063644e9d0b2ba1c66f7958f248,3005303960725654763933,6749482097417236000000
276,0x3d496dbfe711a3fe668cf08b5f4a3fef1b696a39,88981609409733236053,199299912600000000000
278,0x3d78b9f4e7d591238434a0c263a68b8ee00fd295,13784341330666131952,33000000000000000000
280,0x3ebb29c47d64b70599bc37e2ea15d9e1ec1a07fc,912351522205181713747,1941000345110608000000
281,0x3ebf6c0eff9d69fcb7f129f090c223639a5de234,853550516195215095425,1850000000000000000000
283,0x3f5351436afcf23d25d28f945cac4a35bd223ffe,254446527088789679246,980208758000000000000
284,0x402904e954aebee2e78b7b09595393cf05571333,5308551809156207844014,10663357805874860000000
285,0x40507e76e535413a2ab804e2e16462a99d2b6ffc,41718049239334186807,100000000000000000000
286,0x4050fb99522a60e9ab875935fcf6d211c17d98c3,959169349678563836,1995948073975080700
288,0x40aba0420d6b49ad8449c83a65ef1025cd845c79,429412498652044776610,1085000000000000000000
289,0x40be96bd01023cfed176a12112d60fd3dacda425,229094464254084949349,543811321226083400000
290,0x40c3fee191c0eb74525d94e8693146b9714e2ad8,398884369263614435279,997500000000000000000
292,0x4141ec9f8acfd636e7b037eb3171f4452656da35,417115118938594524484,998631874330000000000
293,0x41beadcd262722361e9054d2ad8bda41a913816a,139782204662083904231,397841216706444800000
294,0x420820080eb561da3962407af781cb05dd727f4b,121942449607719048676,282494045470000000000
295,0x42a8db3e02e5d47cd8f56646b8cca18948488fe7,31922764224123494972,84746018122951160000
296,0x42b5274cc92e479f1f36001939d18f74b61836aa,48777318445438308748,100000000000000000000
298,0x43093861e897d139342ce149935a5f721532a660,91014958464774368913,283359331926622100000
299,0x432d28a6857cf484ebf0ddc1da698f20d48cde13,116925088806495653270,375077975981561800000
300,0x435c47de292a9ace3bf8d0f4a333a4865988ec3d,52959586341984934505,127319141218550090000
301,0x43b69b1f81e4db49469b73304b9de01b035679f6,190354444764462726243,499531521310575030000
302,0x43decad5db1faa9df795ff24dd4fd548749a1ac2,75716360410380086226,189804117770000000000
303,0x44031a2aa10c80f1246d32a67304d233651148ab,275628163646026661739,666932117690404400000
304,0x44299097358a1abd676f06015c6243f6d73fafc5,4117806830216186074,8442052497868067000
306,0x4463a42ff655b6b92bcb82cd230a55ebaa3e3d46,426816276538312052288,984099900000000000000
307,0x446dfb13b284ec15bf1f88b7edbbeba8c3b82122,47999508722515758354,114280530000000000000
309,0x44b90068f77f16e321b22a8cd68243106e6c2ce0,132315899662739748654,358999784194471360000
310,0x44c88c923165d03d8d8583f64667570c74229dd2,650336239459757610543,1683125683716849400000
311,0x44cfad901d9e302138c49bc27f53b9eb2d9d8bb6,777614932401886385288,2059377122010000000000
312,0x45037a8febd841fefaf6d451bc743a99c9749a93,447744876004571997792,1076414999350441100000
313,0x456eb5daac06b24a361717ed6dc759438464c18a,6282525786974950971,15000000000000000000
314,0x45752b31849304a6170add14db59f0d4b85ecad0,916769376912316700195,1854419765715119600000
315,0x45c7811c459a43d0c17ef18f33a2c8921ac4ecf8,32813565434821537154,78256581159663800000
316,0x46026bb1f8a9c5cf418db02226696784d8df6aed,417830095624232288071,996476742343520000000
317,0x461516b09a2df2d3bf8e1945d448a105e635a3c7,36975608630540687406,100000000000000000000
320,0x46bbb9f5de1e854a80bda9e2596c4d2530418b99,368471845701333150059,1000000000000000000000
321,0x46f76fcd02ac4aa4fb864f5a08d95a52a9e74a45,514170345520399498066,1234275261995247700000
322,0x4710e5487f22b7687983e7e38085aa9d78617bb8,383862980640572124245,984993272980000000000
323,0x4728aa2daea1f4ed0a72c2c2ef586915c54a887d,81507239088018880936,190679588930201650000
324,0x474af76116b5f1dab3b3b4c670f32b87b649c5b7,2523297973653448779,6000000000000000000
325,0x476ee7190cbe2307df10e3b3d10f37b5212357c1,704348598603579004871,2150000000000000000000
326,0x477c2087f3d6e49b1be5c790a33b3a025a4fa569,15837541443282518294,37957482868903050000
327,0x47972b9c9445ef20e8a3bd86afb0476993488a56,39920874319488067308,95439547280000000000
328,0x481b63197922715893ec4ed82ccda4faa4af570c,26693616608218508935,99999887450180000000
329,0x482d3329eb3ab650c151e41b9ecb1d9f222909ea,44849568836970999309,102533129024312280000
330,0x483b0fb09862d45b0c97d94aeb3684a95b4dfe85,27925318683795941413610,72535110414238200000000
331,0x486843ad8adb101584fcce56e88a09e6f25d16d1,197094179170771917239,476460279000000000000
332,0x491180fac09c5a3f76e2abc2dffaae4500b73aa5,38690568929367214601,92000000000000000000
333,0x4920bf9f132eb5b7ae6339bbb50a3c6e00c94d0f,302466162266876248986,723521812547905700000
336,0x4a7fa3c40d2ceba1dcb9463fef1552db0365a864,190859962171455794857,391288345186399200000
337,0x4a8adfc511f800df904b0536354c4038dd3bb74a,310183715524087350918,691260235519494700000
338,0x4abc33cf81e0d21f42168d044f7002edd6b80b09,14901717113315913563797,42030390096223500000000
339,0x4abdf936e1dd632dbdf44079c8e850cdf848b802,18398991125814849835,46143298319678020000
340,0x4af889460adcafe14fe17cc51af60d2e173bd0c5,49499605465933592489,118554881899458840000
341,0x4b03af034512f9535084e44f3cba700e8efe12a2,4105674477178530854,8899459565921322000
342,0x4b66277b7be642d9b7d5cb8eecbbd6f001e5a961,88213554073975961128,209901738431026000000
344,0x4bde1498d267a7763635a7f2dcecd67f5bb69d49,7695173739474742618,18286690000000000000
345,0x4c3c99b358b338f1e3a281d1aecafaa8305e4759,410164126529542153640,982049590000000000000
346,0x4c3cf435f258d73473c53b3fec02fa7dfa0b453f,223194726743985621023,500000000000000000000
347,0x4c528aca678664d62e5b92b0b5973e5af00fdc75,10970552441762562080,26388965996131880000
348,0x4c6996f712f5ba388c0f2930d05fc8746a2cdb0d,2976025940190412621994,6070154318355478000000
350,0x4c735d3acba20b72d3d1b11c3cc3ce00377906ae,495225817930433688434,1389791706211613000000
351,0x4cd02f464ddea99fa5f71fba239e681c278cf1cf,4947154349996443585,10983665152725000000
352,0x4cd6bdcc4abd55a546c8f416234e1ec6495a6478,1238607790689159832174,2508811861799376000000
354,0x4cdf040935a1f3c6424f96cda3a3b748dd9213a1,2196856433319172191,6000000000000000000
355,0x4d302879bd999e42c65d75ddd13031aef9c895e1,1277824804875859073035,2659042388108280000000
356,0x4d5fa23842091bed38ac4c0acb2ba28ac55e48e4,116973708503517063586,282632253780000000000
357,0x4d6caca69591614b58f6abb343774f913f4fccc7,18305130004584815901413,40033402915765890000000
358,0x4d9edf8e965612662c6f25d0cdea199b42cb278d,409186417435548053942,987369774431343000000
359,0x4e09ec5a56eb368111d48ea699aac23fead87961,9020197852400798573958,32104297433848942000000
361,0x4ebb80fd8c0ad32600985b8fdf6a0dfe083e9e13,3327284727012519030822,7500000000000000000000
362,0x4f0c471b37069c55783707a8de571711a9c6405e,83767010493011679613,200000000000000000000
363,0x4f8e725b6eba799e2445760c6c21bfde945a141a,1017935430718646607325,2584295623711414300000
364,0x4fc4d16b8dd58ae3fa7aac8ff29336d17f199f97,2753527949249493581255,6571119951677284000000
365,0x50bbbd037d41cabe7228f58bb29dc9c7bc33664f,317839287421379182294,760747699058380200000
370,0x51f8d3875c0fdb3a36de5cf24dd359f4700fff16,16622484820448787413,39072063010281500000
371,0x5224df5a8cc89f3dc728e54dc239dc828d474f0c,16768691897893914523,40000000000000000000
372,0x5269f2ca1a4e77c6c30ea5e732f55937b841ea60,39799527854716058692,90950000000000000000
374,0x528018c88448f67d2b618a43546cf7e0b026857e,15543582024467577467,42000000000000000000
375,0x52a0fa7fb3e85f273a7d16ba5285192fcdee60db,38684197646736093371,84200000000000000000
378,0x53090863f818a63178fa9806af701c81a3691701,7495038141359620985709,24191830614632496000000
379,0x533d01a9c2bc36034623407be7d28ac0c705899b,1751178300278994360343,5214911909989536000000
381,0x548828926a44a457815f806e05788c2e11e1b9d6,5770172146972025645876,12500022503243434000000
382,0x5494e6e91bbed551199a1726d61d930c46b12efa,13193244716790603287231,38233631259356260000000
383,0x54becc7560a7be76d72ed76a1f5fee6c5a2a7ab6,1594653106773750340840,3477835565244176400000
384,0x55126ab05c76ff8dec5fa6d857ac25d366f0ca12,28469252703778158709751,81790532352269500000000
386,0x551e06af1c492655bb9f15c9b12459386b5ce015,45916394570845089983,99559359633983680000
387,0x554ddfabab2524a229070e01e9faad627e4ac513,80284868335928907678,193072160000000000000
388,0x554ef8185467480dc23b8c6dfd90794d1b340fba,11168940750494982345,25185378825480280000
390,0x55b473ac430bccd24e4c547d30dae582db4de434,20012244364069531282,47681948000000000000
392,0x56640ba14fb770f1ed151886ac7bb6adaa96955c,236384044732439064519,639999452365795000000
393,0x56a5ab463b0856b520f750b657a71dd13b000312,17134103470517544151443,49810929500184110000000
394,0x57733c1c021589c664c3f54961f81ec103d6538e,692153667005633177844,1770000000000000000000
395,0x5773a379f9f9870e1498d3e84fd4797d6b038c63,491076317715322641719,1043363384729884400000
398,0x58e4e9d30da309624c785069a99709b16276b196,48718835894144083997,99999904577595000000
399,0x5989f02ec7b79d69be8a3f6680486fc5708940ca,84766625678411956811,200000000000000000000
400,0x59e29369c791a696d1479198b772f95e96b7adcc,72509194632469791558,155893776120000000000
401,0x5a50412ad703847130469c1c4309abd411ee0ad7,21040367992992107603,50000000000000000000
402,0x5a97f8db19c10bff32a550cca2fe30c499293800,65709113772937062408,160000000000000000000
403,0x5ab0e4e355b08e692933c1f6f85fd0be56ad18a6,557948960801040005692,1575653715919081300000
404,0x5ae344a53e47103c21127ae4386b94f5172b23aa,21691353917399041066,47376766753676400000
405,0x5afd1bffd44eeb6a7853886ba3466c1df5a86f88,19809605044106930421,47095658650340300000
406,0x5b1a102a8f82fd2c1231fca763a7170920f7a7e3,4865604050928102124,11429135179264680000
407,0x5b34b78f8da6046ec9467e6dac6e31c2d138690a,6418201312700030202313,20329193491000000000000
408,0x5b66d58242476d7eb26ba35e5797f44d7d73e650,359884691045660678936,1000008460866890400000
410,0x5c4c53a58790834cc9d30807b8a7e1bf7fa9f5c3,84109932455147292612,200000000000000000000
411,0x5c530a5462abe16fef4a3ae7b0cdd1cab8dc1e67,3604769267359031647181,11064801447533292000000
413,0x5cb559426c904e6b4d4ec4908c5c12217fc6fe8e,3424058171235188038,8925450594740000000
414,0x5cc3cb20b2531c4a6d59bf37aac8acd0e8d099d3,519445146266922452871,1184314067820000000000
416,0x5d4272799d45c325c115442e54688a416de87094,5428134533866595384356,12013772062896226000000
417,0x5d7166ee0c633021cb502fa5302866316d86f701,4500776966307730057,12054022803250000000
418,0x5d81ae293cbebdcd0fe57f62068bb763e56581ac,23040542848627488316,55234405922322250000
419,0x5d9ed9cd7d7bf4b6020811a0417392c26dd6fe01,229291673894694593802,586626600799068200000
420,0x5da8ad0ae65b7a7e1af12a32bbe46da8b776f694,1174828817064545091722,2352048299945376000000
423,0x5e5633046a35c8b2842ded8bb91c6a4bb1cf4f08,84398317840449491891,199000000000000000000
424,0x5e6e363eed7f6765a2165faa46cd53b3ab3e000f,8024349591186896544360,20914911569212890000000
425,0x5e765c6a318502ff2f6ef0d951e84f8dae7fa3c9,123192740530088321260,292407728802449700000
426,0x5e93781e8bac02c42d1efb9c80c7b9962ca66215,11903657104755468724,29013304303532843000
427,0x5e945fe1851a2bfc86d618e200708d6209bb9bb6,3818830708510436737003,8576546611256839000000
428,0x5ea61c2d641faf0368deb0c0790dd6a4ee8b23ff,432158355062388766887,1285766741728673400000
429,0x5ea7d2f38bbdf1596bad1de3e10e79c1f0520129,125765189234210858915,300000000000000000000
430,0x5ed15e97a35ffdb55903ee4cd1b0d83e50dc46fd,181487567901812304181,480638076370000000000
431,0x5eda263bffdcd20f26d2bf0f76b910d3fdcf5285,41086040340875195771,95883235829876420000
432,0x5f69f630eefd1bd2f001f5c82ec643bf266e04c2,441289110871350569670,1200000000000000000000
434,0x5fa8d894acc5cfbe3933fc0ae9052e786ce67b27,214138822261695655430,509836428600000000000
436,0x5fcd5207fc508fd25db690f3a349b1a8f4040870,6202935225333269897962,15372430873174565000000
437,0x5ff2ebe49242a0d83db1d50a6315c224a1a2e094,11150089016324730448,23087008751062100000
439,0x605b5f6549538a94bd2653d1ee67612a47039da0,59754580585885377203542,124204099121390140000000
441,0x60c31519b80c75bdae48e2512cb90b74f3c8f029,37914128209907931685,90000000000000000000
442,0x61a50f6a1ad8aab8efce0036470adfd8ceef65f8,371456563928405735491,1000000000000000000000
443,0x61c78ec135598ac48754114f8a7b32a9e23816d1,55337072109414283863,134000000000000000000
444,0x61cb6229936903b3c9281715aec32b5a54e3e648,50846109132522869808,118753341230000000000
445,0x61fdecbfe6c572ca3f631a8056d8322f9b12b7d9,129113102886116289371,347069478595000000000
446,0x625fc4878a9086b017c6bb5cb14310ff78c62cde,187430642382265650158,445873648274590900000
448,0x62d51fa08b15411d9429133ae5f224abf3867729,44855810052482332105,100000000000000000000
450,0x637cc27ecd949b50625f0c0633b5d993c62758de,69120623408028378877,165379238429655200000
451,0x63adb116296df047e3f4efe913b04783e3d20f0a,7591040495070901415,20113263742690324000
452,0x63b8065be25e50a53bbf88bdfa116ba206272a51,58626141050499138978,148716500164189980000
454,0x63be84b1d75751e52716ae153dbc5abb5b2a98f5,65407822314420880489,165077014999646630000
455,0x63fd238428938e4c085853c56c990a64aea7f5d8,11882948447722157451,24999981545893850000
456,0x6456b1425a918f5c7558f02546a9e6b247535f21,202836032645114656523,464000000000000000000
459,0x64ba57bf7977dc2c60a5c9935e01e2bc6cf638ca,13456490960039703552,36226378889636760000
460,0x64cf6d15ea749ccb20032217d8a18b7a820956df,34561041800325747220,91749907814848400000
461,0x6543b529094ee8ac9ed9aa81f455de34cc3be0a7,4079284010323853781770,10749907262742905000000
463,0x65674eb175a6a101cbc45a934492b77a1e0d9b9c,1736224768411042264460,4004856331111301000000
464,0x656b003aedc30d2ef61d6d111e2f7956e0ca88f1,68002345963112684015,250000000000000000000
465,0x65ef71aa063ceceb6569b9fdcd632952b2f141d9,9085724698397837195,19999889089661590000
466,0x65f570384d6cc157a15eac9bfd9da88364d59b7f,72519997358201601679964,146889944465352890000000
467,0x665d2d2444f2384fb3d96aaa0ea3536b92984dce,16137590508820053161,40374096940630690000
469,0x66e678f79498d934f4d4bedee496adeb9b6b2c34,560667961614806932,1500000000000000000
470,0x67136b2e605eda181fb035fe326e429479efc484,105062757683441362662,252290642960654700000
471,0x67576c519e804e02da310c2af7d93f3adb0e441d,102142137603809072150,244637284410512080000
473,0x67d019ebf6d76afe2ee07781bd882989136b08c2,2781637146910750445248,8242300329940000000000
475,0x6815084e9b2abb657b377f6dca85ee7a1d2c1d89,9225369946225308682,20000000000000000000
476,0x682d9234388e77c598d6ef5c477b90dd766c1cc8,209595291113018912885,501148930000000000000
479,0x68bdd37b9ad6ef885e85237a075b104a50afc1f1,13614640593613910375,41817034655093180000
481,0x691c57e85b732dcc2cfa126a7480cb5f326e6bd1,40801252399159013174,96412244000000000000
483,0x69aa6a0a9346669744895e6a48e45b1c5b1e7667,205901552997551000178,497500000000000000000
484,0x69f1c41b58ee473c6789851b425599c45f03833e,369619924025130658174,969505192432867600000
485,0x69f35fb0048a6edba6908a5b81bdb983ef3cd8e2,79946217509988683990,199000000000000000000
486,0x6a61661c7ddaf0f4a45dee2b693059ca0909c643,100954838815140960644,237299890238149400000
487,0x6a9d961e487f3ad2b0fce2fbb6487dc4b0fc9452,71013215061651045826,282512479713220850000
488,0x6ab27d9a127c47f3f6c64c6472fe309332453d3a,278482765339661693090,667000000000000000000
489,0x6accd26626c150a4b485e6c9c541b38fe0ab5915,2259818468725565512500,6148188372989876000000
490,0x6ae1f0117d7ff74a49a869b1e7e5dd3c48864013,89503847775432125614,199936722723549350000
491,0x6af22da734cd6acc11ca39d05e9654cf63bf5086,9177020199273064448,22029603825810800000
492,0x6b3d1a37b5c01901341f01f4975d31bc5e6c3d81,14455118226984264883,46879954444140536000
495,0x6bdf125600a7c4a0125b4735034573481d8bfcfb,39826169094539946597,96365316000000000000
496,0x6bedc20d252a1ae2371f250d569a6025da0222be,51134665507690041338,122374046047028920000
498,0x6c10bfcd97611c671a23752e8e48bf5af26049c3,1203332503783446536563,3901792026788122600000
499,0x6c228f3f5fe539f89e2267db26391928b36ca871,95280040964425953771,232107588175879270000
500,0x6c3c301bb3af46c86205844c7ad9ef8bd6593baf,361461774577547358856,947000000000000000000
501,0x6cf8118892209d3975c9a03f06f7c11163be2ff8,39386359174651599295,99999920000000000000
503,0x6da7514cefb979de2d1d69519e97b4893ab94ca0,311432070073645089405,749777780007975300000
504,0x6da9aaa73d39f3880119fd20e6d6a2f65dd44abe,8492954741439498002,20000000000000000000
505,0x6eaba52965fab0b404bebbda594a2ba72bdb6288,31134864103062846358,150000000000000000000
506,0x6efbc95c2e95eddf30e7009752eb148ac885a1d4,393605899414712456576,984300000000000000000
507,0x6f0b2dfffab5b4485bc6ebb9338760597310afc1,4910395187455672071,10000000000000000000
510,0x6f79f232ae4d34102b26f2948ede2f858768fdd4,2036965926714215883806,4657451777800810000000
511,0x6fe26b91bfb8fd476aa1cd4d6c0b325f0959631c,1652457174666342299293,3994433711520252000000
513,0x70106ed6698306b17befdf7a45459e869ebfbbab,515963410710852646302,1250000000000000000000
514,0x70c09ee6ae2b49c9fe22254ebdb1b224b8a75fcb,468446661376275038495,1091375929475144400000
516,0x7118546b47427dbe0bf6f2f414b067b83886a589,167067000871966549925,399645514430000000000
517,0x714cfc2bf843fceb605146e7c39f2b87ed0333cd,48994652906468804899,135900000000000000000
518,0x7182ae7e0991b70e3bf2c713658dcdfb24ff12c7,5779353211246983907506,23004883394890000000000
519,0x71ac7e6f6add5efed2c65d34d9474a6319769fb1,63980249673757045937,182940749630000000000
520,0x71b095f10633f7ac65cac6b476a3f0632339c5e4,1276517406429360259666,2974000000000000000000
521,0x71c84272bac17f19f0ae64a3b266e052e74fce57,327813437751799874638,897153319932564000000
523,0x7302858fe810f400fba607e5dc844990302a5fdb,39607390503237041800,99542029977831160000
524,0x73a7984c3379aeedf004bc21bf2d614a2584b48f,330499972165053962259,769663761980000000000
525,0x73aaecad12a5ae486caee181f278dbb41a12b0f7,57252798647219953576,185706967830000000000
526,0x73bd4982da46e0bfc32442a226c248980071f3d3,40856715706748267060,97676880000000000000
528,0x73d8c7ecee8d879f433404a724bfb6b467cb8c3d,1344088540648204578964,4976972000000000000000
529,0x741151fa733c3360bbbf47a9a55a34fd1a0ba598,65047056538159436021,179940189208913700000
530,0x742b6de8cb16327b68c83e1d6433174db89fd2e0,444496732875036110056,1200000000000000000000
533,0x75d27512eb8ca405f06934b251675f09e681cf7e,1899636536291499034156,5781396859225553000000
534,0x7601f59a937899d780a55b33f4fe4983178f63af,1421362698985253962672,2999997331479472000000
535,0x76046753bd15b8a3fcfac367efc9dc8f7194d62c,2692735992448289362,6343831548633650000
536,0x7696ddcd0d660faee2379d816a1f507ec3175b76,348415382151271182337,845890060000000000000
537,0x76d542089f923b08da0b8174e0150ca2217566f9,25202982080085941880,60315069219082270000
540,0x78217f41de80f18e96e3c1695a2bcb96adf64f7a,833602756098733207217,2194529213007096000000
541,0x7821f46f652d5485d6e4fe3b66f30da3351fc6f7,1358769843508906775321,3851923382988373500000
542,0x78555e30fdc1710405defbe72a2cd34279485a4b,546997359190722731303,1250000000000000000000
543,0x787b4b7ffef8eddad54f311039acf4c36fec9593,3952724899018674465379,14957779999853111000000
544,0x7884c05101ade3aca9631d21282a47a25868955f,60495165403678390129,149999800950419980000
545,0x789645a3c66e8988973dc32a52740d017b1ef807,4409505627913880399,11005391285155625000
547,0x78bd86640dd12fdbda74749d817da7a0dda02e68,66961689093440132491,180000000000000000000
548,0x78e454a89d661372a8455d44d0e5185f8f057287,1447459831319051983281,3992909629324064700000
549,0x78ebcda5a906eb9328863a890397c93f8c840898,87475020721925033786,250000000000000000000
550,0x79230bb65942d075c5e9496277db39da175a5b71,17457298184232320848686,50000000000000000000000
551,0x794a0ba3689ba74dae8bcf0e395f4811574989cf,337482576245318996604,782766923440000000000
552,0x79506ca291af8e85b39e59766762c35ae18248b3,417976155025814905876,970708963140000000000
553,0x796af567a13526ddee9db783de07c833f0183860,1021115607516027422748,2474902396685621700000
554,0x7971dde7be09d03d319f77a1251bed9ffa4c72d5,339295607089827063526,917256142128493800000
555,0x79882b16121a4e8019e3f4075aa466988205ccf5,1062333752828737775268,2475000000000000000000
556,0x798a0f86e2e267130b814361c0853640af4e629a,45247261795836476259,111572372643276910000
558,0x79de94216395eafe072b8b50216b5648edb3f609,108796360947570187506,266623766603519200000
560,0x79f08f2e75a8c99428de4a2e6456c07c99e55da5,99072372484914857565083,199959804715446670000000
561,0x7a0dff2a955b72159650300a9acef97146dd12e6,3720916388093229871,10000000000000000000
563,0x7af17725d3b001c522dd5fc18829292f47c75b2c,969568016301086899792,2128290418653674000000
564,0x7b77be2599c9a6b544514c1e0b7cca70704ef4fc,522632027922576805100,1204678354769464500000
567,0x7beacbfe7b7655eaace6355e776762ba1f54ab65,141286430655551078781,340000000000000000000
568,0x7bfc6a37ce167f620ba13f3ddaf426c3e25c8933,86727047828728036580,207765910960000000000
570,0x7c8477e426489f8a08a2b2f478f34e4110a10212,59582727839877395845,149000000000000000000
571,0x7cba874ca2db825cfe34079664c12562350f1927,73072071488065949506,209460765562159300000
572,0x7d52b2b2aeda25a2acdabbc74bd9e2c30b4d36d7,1784548270343760531472,3598749131135880000000
573,0x7dac878b074ee54482a9e6ce46cc8f1a965dca84,427639044442799800046,1000000000000000000000
574,0x7de31dc0ac10e263491f7123b140f9cbf860d2a8,35854022709070989260,100000000000000000000
575,0x7df2ccfc4f5e025e424092a1c148c883a39301ec,6266727343762325815,14962235828622550000
577,0x7e4067fd59cd1083560001f17baf8b8bd77128a1,2574569196545467260161,5185921963678857000000
578,0x7e6e79c47ada76e8fb0ac246e3450be9844e71ff,31268054078486503141,107198993016417520000
579,0x7e8637430f9cecc4b893bf4787e399325aa23a93,26303147289722468579,57238660000000000000
580,0x7e949d18a816b0c57876818c49093996b1b5d4f1,1655401001162151038497,4270444755579414000000
581,0x7f8532f1108e31a3ff5b0df446ba96ca99611932,2509275790413923080,79780975383163290000
582,0x7f9eb6e1bae5565ca4a23c5fa3108b64abe9a707,933802193991375692898,2319646389933486400000
583,0x7fba36c647cc537a6e08bd981cd8dee6727b0f4f,2853694988159783644920,9152992649771536000000
584,0x80106198dc662f5e02e79de2be10052e5ae016c2,18564138258930271296,49999973949940010000
587,0x80952412dbb39a48092436efd17c23a46ff0d987,3463561126782141098544,10000000000000000000000
588,0x80a7bb293627bc726a7ae3bed35a2057f5be74fe,469843641109221583636,1140010053526867800000
589,0x80e4930b1cee159d6bdcbc0f8490d0a3f2aab51e,827612630254611331801,2020414512700738500000
590,0x80f609adfceb731e8e620963bd194f4db9f56cc1,23291838258388395049,61093995926690480000
591,0x814d2dcc371257a878be75462c572274ac2ae7b4,8938916032873222303704,30000000000000000000000
592,0x81ad112bf6e0e310feefca553c82fca1ed90a538,1326428623098341876777,4500751356612817000000
594,0x826907545c05eeb57afe3f4b3f1ecbaf16f80f2c,76312090309492119045,183380000000000000000
596,0x82e15016cf7e33a7ea98e9bc41887ec086076495,273897169677390728490,1000000000000000000000
597,0x83ab8e31df35aa3281d630529c6f4bf5ac7f7abf,929560238643390729201,2687567435341348500000
598,0x8443e25075c301c808f359fb0f157bc340bfc7ce,253053381764578782389,565048853890000000000
599,0x845b84d629668280e1aaa3935756efe89b2fe268,187998599142140196974,448646742825695900000
600,0x84a983125c6a48e51cfd1bfde8952c3d47ff4e98,46450375297148202303,121055831051782140000
602,0x84c42a0f1dff1bb673bccd63bca73e672225eda2,553204154836521771403,1330173075679969800000
603,0x851839e750845933929bfaf2bfff259f2d37d3e0,99572369242544375654,252790531020636230000
604,0x852639cd40464b5c99e3999ed00260eea2e3ddef,439085070967690669582,983859486046446400000
605,0x855dd67818f6a7942f4f159c198fc1eca7803b14,1864787825986351544969,4228794812538408700000
606,0x858cdc330df0af12418e1ecc232c37551e5cb3d7,61862630605471700035,147766040210338050000
607,0x85de5648e1c4c42b0cc6b056b17c1bcee3ed5957,11482130776337768912,30258586556209470000
608,0x85eb872c4274df8b9e596b3bba490b205d79122e,215087801284677097646,493000000000000000000
610,0x86985654e56458153d103245df90532fa4234728,422993734997741655482,999378770525062800000
611,0x86ebba6fa5b00610496b1b6bca8ebf789ee91679,747212405227165553823,2020825168000000000000
615,0x8873e590a918b4b72517c84c7f9e6201c79a1ace,3357688737856720666,9085304845927740000
616,0x889fd4c5ab0d00b23ed4fb32ab2f9fa2c38be4d4,31461244239193196080,68232919884101360000
618,0x88fc3f3b865a015c5b63572716a534325ba8be6d,1131166716152728284619,2977891310000000000000
619,0x890ab4cb5111bea4dd325b3a5a7efd02ef8af7f8,34202746424300901033,83433900606843360000
620,0x8928e65d16533dd6452cc7623ea63a0a8ceb7534,79821129867567725847,193464387539781300000
621,0x8934d2c764570b0a9c0dffdd7c376db06f957fa7,237845158819693943635,600000000000000000000
622,0x893b8de270e654ede36266d3a228cf41b4e9a4f5,3650573050486557413866,11440126051546565000000
624,0x89688542873276cd7d9cea936b25f37778a593fd,210402420698777121334,499406813310078400000
628,0x89a6ed7e49e86efa418b6fd5970d47fe88a27fe4,3264247867072396427548,7984969632200000000000
630,0x8ac8d1007d9350beb4272d20d66b1efc574d95a4,194008831396028807451,500485378460944600000
631,0x8aef943d5a12e77443c14c65412fbf7024274bf8,191233284487427820797,465648123390000000000
632,0x8b07ff11bcced60470bba18f8c798b2a149e6b06,11018465272858799577,28822730065958138000
634,0x8b87e652922445bcac00887e637a07a31af47b02,356276919250537016047,800000000000000000000
635,0x8c126eb5ada6c61f5b48e9791d5d539576af87cb,162640520477222041990,389226727981605400000
636,0x8c196a92f073f30b96d3d0ce6c1e8ef9bb456c2b,152614416154305289853,367893225523011200000
637,0x8c5cf166a8acf5e5f1f3c8e68440f66693e23d58,2087284459607680656,5000000000000000000
638,0x8cb4cbb1cc9488d55f97898d92a9acbf84a33ba1,69032026792203884057,149420982037500000000
639,0x8cfd67a067431a339b78c2c7e9b3e5675651460e,228472923152176739227,543696482720000000000
640,0x8d370e8529afbbdfcd184f749d30cba98754a785,275040408190761320336,1000000000000000000000
641,0x8d452c1f4bae385b13933c83ecff70d74229915f,485077280366499288,1072332788522388700
642,0x8d605e606b3aee143ff0d039f63100a52f17d85f,41909206444524881124349,84901367539550750000000
643,0x8d8cc393220da84a53667e48c25e767499dce4fb,21289697305256707896,46147545644924780000
645,0x8e430677ddfe39ccfbdb6e264b7b1393565a79de,7378750895064698197895,26551285938592684000000
646,0x8e4c8c0fba7806ebd7b808fd5d47bb9edaa21f83,2000150292424523003075,5796039446439984000000
647,0x8e8741ab54ba496d415dda932ce73d5dec65ff86,83607594650597891211,200000000000000000000
648,0x8eb2e0cebcd191625037a042c9edf67b7f7fd74c,142236805322112802840921,399537080286037600000000
649,0x8f73bcdea6d513023f438913f93e43d60ab7a715,461203339159160587695,1198764074230000000000
653,0x90465281faf8f8dece4f71c3f4b9df9dcc13ca57,1214024877008602399033,2868294701760000000000
654,0x904b8f6d1162b6c3a91b721301b4231f04195d36,1520922917775286537232,3638162027670000000000
656,0x90859216cfa0a4f99df9ad561778fe726181619c,148164935716661150144,487388638090000000000
657,0x90a1d987261f095bb7fff1e4ac4d059c263bc8c1,74689874966064963146,242922386300000000000
658,0x910fc35d33e0875a5942eadae02ede7c430f1440,41216814190718778937,98254600000000000000
659,0x9160062121840c5356e9b02a528d7f8a53b2eb02,1100090452132198163436,2451607698840000000000
660,0x917a08b06d78390b73e121166d547381a662f98c,42262102812715446239,99691310439608350000
661,0x926a4f20fde399a7e621bd6bc613d3d0b20bc486,1159639059472599092895,2359710358566940700000
662,0x936d5a50793a34ae1884aaa6432469e72d4cac6c,599260971625325949547,1630000000000000000000
664,0x9389d9e95f8d409b1e6ca7085f0ada92e546ee5f,716653313364843450628,1669592704376272000000
666,0x94443480dde03f5199c9aadbadd0171d4d9c96b7,396706740642190598293,1150462238230766800000
667,0x945a5dbc95fdd6c0aa873acfc0d3cd4888e28e61,498512462335745522716,1618357772599255600000
668,0x945d5bcda8dcd9cd8b221fd23cf4b6c0e7e50bd5,369651662328528307579,880746358110000000000
669,0x94c02fa483ec1670141e2e3dec79ab6087bcb836,81174794332119291913,196872140000000000000
672,0x9568f8c0557bedfbb546d33c6ac5388e2342ac56,1144239827245418420,2292964307415579600
673,0x9571f1bac623cba1e39b45e81dc2436f30bf9edf,57293975141951396984,136295076386682680000
674,0x957ee7a79cead5337746a468ece63c23bef8bd4f,183771806871083423027,500000000000000000000
675,0x9586b4d096afa1744c16eb3a587237d3a5ca35a6,37433167451951051626,98545954782046490000
676,0x9603b58cbb72a0943b422da5f78d12ceae0d9dc9,46109712455962077640,110489100000000000000
677,0x9667d7e702b28617918697fd9789b07f563d2a52,7178839446021703745519,16187908505768090000000
678,0x97008bf239ff30cfe34e51627efd538740278529,416617906596717086054,1000000000000000000000
679,0x9734df024c332b631dc113ee86419e5108ead54e,41078404278458405193247,82156808556916800000000
680,0x976e7be658529e14bbe566758bfac68f7a06cf93,101164467150550492884,253169758647319300000
681,0x979678a3c2e3d3912164bd12d185ab427ce3a7a6,108809517033688518520,307019860172569800000
682,0x97da894d59e966f017ea171d9a2669f6fa7ea921,67445328376173872679,269378046143546700000
683,0x981e27c556eb4aca03f2f5b97b2810dddd4eb136,9574041916407142912,22944235238208060000
684,0x984a62119aad363fc78c049279cfd688d978b7d5,74449407473193102891,227772062920000000000
685,0x98e23d501615b649c9c9b6b375a8158960ae835b,62938966761737992688,170404498450910000000
686,0x98ffe254ed8e7fa5ad716678aa196622db36bd08,4028947282473988860280,13000000000000000000000
687,0x990107acffd10cc505634fe4504a3b9b8dbc6fc7,50502617322486780906,119129711169837120000
688,0x99496a4c0426e3dc0eeda7f28298774dbecf815a,76210067524614681891,223726668078565230000
689,0x9957dc79309f95cc272d7da1ee195ae5865b9aad,304747721850498503334,727925141240051100000
691,0x99e86304a71df6e3181d4dc594e9da2c7b91e72d,662058744534589886489,1593680433803527700000
692,0x99f38239ced2ade74695596e67d99809be245653,174623165009363615799,380000000000000000000
693,0x9a78cb2116c0979c44917444756185b65478b2f5,396596897442651543454,890901343886035500000
694,0x9ad4a47e223312b4d8b15d514bd1f7fb7ee6ab8b,617946241870058005,1421391856811937300
695,0x9b01a9afec204c0815ffc78840872203cd2f1282,459534644761484831050,1000000000000000000000
696,0x9b0580ad8e237d3db62129ea14383c0bec3beebe,417074650961620730693,993000000000000000000
698,0x9be8ee7700bff356ed169e3a50dcd58c2c20b9a6,86632387254489274168,180274470345000000000
700,0x9c6dbe28fc1a2ccda153d2b74825f51874e54df8,401579544160733604960,1085100000000000000000
701,0x9c6e1c1ad7c94ee449177faebcec5d3894f5d940,174068933070149651718,414953793180000000000
703,0x9c7af0a3fedcaf7894e26bd1cf9c5ed0538a33dc,458652898625611244556,1047336707536249200000
704,0x9cc4c01b7ce68111c590c5abec58588ae196b712,847391192784146170440,2596924498189994700000
705,0x9cc57a8a2196f1a6f517adab225efee1d317c667,3495330521446682337056,9946918640190000000000
707,0x9d1b700b525dee6aa63942c621348fdf4a2a822f,43093264625663133868,101718872233871180000
709,0x9d27a13fa20a2ad1d053a7741a6b5bfa658426a0,5616947517613511390,18552728000000000000
711,0x9dd12c3bc3e6037adff76ca9e900458446096426,46590733034913484106,100000000000000000000
712,0x9e84bdb7456b75480bab3e2d529c42836be3e407,6729376658509788159,13480737194722380000
713,0x9e8c2ec1ca2464ab49656708d4955fd01b8464ec,61805270814600149542,147500000000000000000
714,0x9e9cc99a89aa7b73297e75cf79f455090b07f586,7427086067909215680654,14985884153549351000000
715,0x9ebfa326964a92274ab42b644860ed9c051afcf4,10172543319775957123,24378546588543530000
716,0x9ee17841f2ad9e0d9db095d81f56b98c7c1fafcc,7391476708208329327,17519868478682670000
717,0x9f26bda279d9bb5b590cb5f34a6716164680e26b,1955045554562361251013,4975500000000000000000
718,0x9f431a46149bab70373b9c6867d2db8c2f45aa11,1417977088005952381304,3398434107922005000000
719,0x9ff47850f80ba1e6dc04141cb4c87243dcbc02e5,247789800183135755345,584640000000000000000
720,0xa0076ff779911be8136033049c6588f91f0bf447,41262198628806589394,99917368330000000000
721,0xa01255f709599cf00676e874ae598d00d9e0694a,41519543241073434857,111608860000000000000
722,0xa0516b264604099fda522b0ec6ea1412511f2230,18282093388484933194,50225448148090760000
723,0xa05c2cbf1bd87aff96c42d2f7b735e29427833c1,28884739988461272435,69811407780000000000
724,0xa0adca7465d8632937491b0fd747c96b977952f5,1539856048145837258032,4462191356456426500000
725,0xa0cd2aa0dad8c5a1b8c9f0549a9d042b7f9a9578,812891168522188548437,2205538070760172000000
726,0xa10d31b628bf5f9fc8e02e91a7564bb2a1e5fea0,29062069562058936631,98747320727378440000
727,0xa12358e39c9ca9d190a5c60130a64c06211bccba,2823580048866350684501,7426237900253796000000
728,0xa12a918aa308dc665bdf54dfdee3840157354177,1960682290374967137,8000000000000000000
729,0xa21d57703ec5238b4cbadc6f1111ae1446b7d303,229477296718200871831,569783390000000000000
730,0xa24194558fed443fd4afd3637f04ebcdd5cc41c5,88730811447604633230,237315391350000000000
731,0xa25547a556439213176f9fecec50acc863305f59,124099020122580666815,300000000000000000000
732,0xa258c204ecf349bda77860cb75fe0dfff7ec23e2,57709854975683708008,150000000000000000000
733,0xa26a5f46df8ef6918f5c68d69db9bc8ebb41ac03,2106023082166403607919,5281748911340000000000
735,0xa2e83a7620dc31ca47eb21db08ee8cbdc48e1b55,5869487285168227610317,14936703504908038000000
736,0xa30e54cb3593c6afca653621c4d3ee2105f015aa,1313379480395627185581,3532233737283978700000
738,0xa36eb34488dc2f4af3dbc3c0913e82569054e068,7889337951626708580855,22338725259180200000000
739,0xa36f2f6e3ccb90ded3024905037c2bf391b6438f,40041280321170274506,95000000000000000000
741,0xa3b3d0dcff250151ba33c10c6660d0e651cdc501,923384651850627647,2097630842651446300
743,0xa4b9213780c8ce6118cdce6cdd7bd003a73524be,19301856941257665307,40000000000000000000
746,0xa53b212a6e6f83b994ebf9ce5fdd71b80c55f258,423591322018411089390,1024000000000000000000
747,0xa570f2bc2295532ae260a59989ec78692c715402,844085077716406669252,2819808950000000000000
748,0xa582fdde3d790b3adf36f121abc97bbf727a942b,92981611350434943853,244664350000000000000
749,0xa58a6eab55cf81d5e121758c1288d66fe4b74877,39002384649018072243,97810443360766840000
750,0xa5b0bd4a037c2a1103f64a4b7420be1271e977c9,29179704062111848111,69832048632421250000
751,0xa5b51b9cd891b3e1c97c02d9c74ea4f7badcdcef,60411719807644289157,150000000000000000000
755,0xa620546f0e6bc4a75daf1328af52d78908936223,134708137031419829529,334475175000000000000
756,0xa6572b731865ff24705587dcdf5c3257249f0ca6,466359122172135354183,1178896933328544500000
757,0xa6679503f27039d00066ff868288297aff784c9c,4715397952387073829,11210459364117164000
758,0xa6a65874c8d725f4c8159c8a25d45a4e96640c31,192408658653708502661,400385700173485200000
759,0xa7cc5536e3eaefb994ad85c09d426a120a5b7fb2,181069389733741620017,492934969154235400000
760,0xa8047dce2a42968379e68870274ed2f534082edd,42085135674686739351,101869404424736330000
762,0xa83eac81093fd03170260c733caaf1722be5342c,41745689192172613106,100000000000000000000
763,0xa84a3b97ba880c99cf90339ec17dea71ee3f0197,285289706189348812100,665220994543730000000
764,0xa909be1ac709bc08bd8cd69604cee197360b3e33,708355680423529450,1989837664581593600
765,0xa91428f80b317a7c7a71bd3bc3917504c08203b6,112858886638213999562,268476930378116200000
766,0xa927344a3144b68b272ca944d3cdec0555a3fbdf,61369896808214454843,131325262470166600000
768,0xa9b181a56ac5919902df00981953a67f5e59e3ce,398256432575003219898,950000000000000000000
770,0xaa6f09c75d1ca7e05eb81e5cb0fdff28d24cd416,85730814109291603915,199733618889077900000
772,0xaab9175b6eb327cdcc5589f9aebcf23832ff9329,181606186753800134055,410000000000000000000
774,0xab4ee2e1f45a8d43cacd3fdd3ccb45ad96791ae8,416071348312890992061,1000000000000000000000
775,0xab8b5f7d4afb78b7ac8de4ad4a8e131c58653b34,77638718482196712037,185449048720288900000
776,0xac189c0e3c5b91a2d3d285139353d778efd15eea,75977305737534825062,192798958200000000000
777,0xac237c34bf06d7d723de247931d9aea5b2cde33f,234675369170893289433,616111253160600800000
778,0xac75706dfd5d8aa9c8d465f08617c850dc368857,39356384879378486897,94158300000000000000
779,0xac87234b21240cda556bc4ee81efd9e370fa1696,3653755680529906328433,7529837167495600000000
780,0xacfe4511ce883c14c4ea40563f176c3c09b4c47c,203117159871894060524,500000000000000000000
781,0xad69dbc2cc49f3ff3122d63f2031ddc75cc2a2eb,3793776801564012855846,7703813529688984000000
782,0xad6ee7c40d7d80a6c404e82e77cde5c5088e98a5,322889446406950465056,1000000000000000000000
783,0xad75835a3581046e639bd19e98011736df4de861,353254964638380191496,950000000000000000000
784,0xad7b192c486009b5c66676d3be3919321cffc84d,18746382723999383668,45000000000000000000
785,0xada036edbc647d0212d9d841ff91ba8f0f27ca89,2208315880059924883531,5272503679999999000000
786,0xadc8f4bd423e12ce815762f3d76ec574a22fda0d,187532814097823961158,493905010000000000000
787,0xae356be6604c312179655d3890b3a3e4cad119f8,81604901177258452781,195566518879855700000
788,0xae3d594a5d05e6df446358eb4217bdc8cce5870d,215639321336834326761,494000000000000000000
789,0xae543c8a86cc7d0437687e7778fdb771efe0b322,7621116986387292035,20632954942264210000
790,0xaf07c492bd1ccfbf1fb644fc8ab5b54ac4d93244,4174067821532878133900,10227298027919483000000
791,0xaf10fe2402eccc8181b5c6d093fa46079b831bb7,18356829854631530452,44698408000000000000
792,0xaf36197fdc5d30f7accde6a0246a9cbdf663b0f0,41607134831288199206,100000000000000000000
793,0xaf3dd6a7b3119e48e8028b12d9218ef5d4163b8b,2042715341241469436547,5147514860557137000000
794,0xafa6f7a00e089059db60268ad230af5e311c440c,1311810075462902151845,3216132733630000000000
795,0xafffad153363c29f068c0a2814c04f9eaa381ff1,7592750770258489237209,23278176261861167000000
796,0xb00e6ccaf17861aeebf340418d9b644bb05d60cd,258611297370553950408,608360353800000000000
798,0xb0b60678a3571c46fd3861a83ea0db2549986f9c,688495234921761661483,1598963212570000000000
799,0xb0e1b094b3d7a02ac16f38bbf38a8becd72ecd3d,83940548586942349209,200000000000000000000
801,0xb11b61d2cf006fa241d2a57ad294a49f188fc7a5,319350161494865138707,793293755361516000000
802,0xb1e1be1b4f00a5e322824cafac8ca077922feea3,3162566534545032269085,10143672804980000000000
803,0xb201e7399f718fd52c5f04ce38ff780093734320,50075628112274928174,157997073000000000000
805,0xb26391653be4fc965c31f29ec5d8163f26d1b91f,1005200461675184039952,3025923713424876000000
806,0xb2a2a6a69e7a0ad66943f4c2869d45a9919cf740,42507339952967243535,99848267419265900000
807,0xb2e2f0091e7ca37c754889301e6539677762b8d3,353559761921797925418,913932590000000000000
808,0xb32e86a789432bb61517c774e57f3fc0d2aa872b,249290284233354418725,499999099689090000000
809,0xb32f980384092d7d63f6624c887669c76c386f5c,2536117983871980623982,5672655902850000000000
810,0xb35db7224df14ef461f95c70aa7f253e6b7fd6e7,42012988046494974427,102000000000000000000
811,0xb383a8cf33e457045eed30f71adfdba4784d55d6,976316888022619216949,2252017677265733700000
812,0xb3d0204e133b24b455d49d9f87b6d1c605435acc,73460121659524180812,200000000000000000000
814,0xb4101e9b1e7f079309d44de1f34d79d74ab47975,61952974453677444074,168134893279999980000
815,0xb432ca713b50c72049493edfde314abefd23bed9,105836922176442050355,229483527528722400000
816,0xb43500e9ec92c8a14fc2223754330b08e0f2b65d,39319040406066478641,92359062352002150000
817,0xb44cc8cd4105a2673ef3a584182e8764b83b1c13,5158385071210294763,12316030000000000000
818,0xb4c3312d8e9f680ffb1ef4ba2ca05387532a4d47,792118608728000428596,2500000000000000000000
819,0xb4ea25b9b43887771ce3598486c7e598ef841494,12703175092701723772,30000000000000000000
820,0xb4ec0953bac7a88b9e44e50f95a3c67bdd287ec5,231688449136331666091,504493325410882550000
822,0xb5a34fd654b6bfbd2e48e8f9d6f76ce0ffa92a58,62584603601737933988,148485195640000000000
823,0xb5c0e552cf17a544fa0ee235539844a4a40500d4,408176790229755396116,984500000000000000000
824,0xb5c327ef90ec4ed329321d0f5f30294289b94560,25569534170994830509646,52021705159725660000000
825,0xb5fe01d2baf99362057ec0d17689bcfaf4631ca3,5619690463787342547,11899898391058133000
826,0xb6ae9f6804b9d2e472ab682e6220493f5cfabb59,8155776570679675387,19350000000000000000
827,0xb6bc98f5d7f6ce3c0946f7675128ab673e6c5d41,312516696352849788965,850472877433896300000
828,0xb73f7f645eb32fc641508f474089c5226c97bb11,108789077196828747571,232797427725971800000
829,0xb7666197f53636c22349cc48a5a6b521e4015e33,629393623980974342366,1448812513413535000000
830,0xb83a5c21bc188a53135e41efe9def3e0a01f4755,207148675042667683520,500000000000000000000
831,0xb8c5b85b3f1cf335a0ca31d099832db4157ab5e3,165548987334714176017,400000000000000000000
832,0xb912f4ead8b8b04b59662be1053a9c9e998161ad,49705542111882160074,134999939336790000000
833,0xb9359b722515ad029bc89bf2019e7dd189fd1bcd,234830347563229657443,569783080310026700000
834,0xb9857c59406105f49b6682da8a55ca2d93c32c00,194552193298351805189,478549483218101300000
835,0xb9e00eac34d3c105e88bf0cccff614ecbf55ced7,3427277686002897320285,7637863181870000000000
836,0xba19ba5233b49794c33f01654e99a60e579e6f29,397871176653585947432,981040857660000000000
837,0xba4c73ef5c455e2d5ee63eaee3c4baa9b2030270,172270886338278161572,412084918850294050000
838,0xba58aad81ba65de665f197798caef54cee813f10,65066577400190963764,175745679106028100000
840,0xbac33be0317b0ae47b38701315c460a821871d23,63601450064778432948,144739430700000000000
841,0xbafa7d6ef8f834a59914c1dbc6dd068db5668337,989677715078606783217,2222674347563485000000
844,0xbb6b65f658c834cacbf6b029c4dc983735d59226,42662750659028667071,110005484150000000000
845,0xbbd2bcb175396d9ac5c18a6797943f1b62b30b23,82759918767458798595,198247820000000000000
847,0xbc6e0e589845f9a59fa0dc47cf4741e0233a9c41,391260726122351050921,1036686628369890400000
848,0xbc825866a4d39c7177c513dc2e59a67d72d1e9fa,855235589190815768095,2011098137285025000000
850,0xbcaf219ba7c5299892b074d69398564dfdfe79f3,37171984900941159883,101253475594210030000
851,0xbcc4a5d73032fcaf8b7a4d5c843f7a25a9b92914,7037455427013528820,16762540934111396000
852,0xbccca1e452445532ebc495fe14b0a1cd36d46ebc,39679793770987860844,159918240000000000000
853,0xbd0922d4d895fae0322fd5ac137126bf56fbcf71,3139911254670851416361,9067689534518510000000
854,0xbd8c01ffc09ca2dac732b8c942d7f0dd2aa78eb1,109119076387794127665,249999701498035000000
856,0xbdfb0e31e108cb6c394216c6bc83ce4829d84427,41948991895258640706,100000000000000000000
857,0xbe535c49d8e65da9cd9a809a3d59248a89a2496b,6679661851376926174127,25000060197020826000000
858,0xbea1efeed7537236c577b321ca49fb394b6dc7dd,5929372806354267056,31624622245705003000
860,0xbf8fe120f4bb49de7daaac892fb7a532673a9b12,93449968048600788379,245000000000000000000
861,0xbfb2cad464868b5705e2f625bb52c909204a39e3,790666537118167999251,1998705099950976000000
862,0xbfc3f319c16ac24746a3a41c397b80fcb0c7e4d2,2089125430721765738091,4987928412290000000000
863,0xc02fadedc679cec2889bbaf8997caa1a7e06231e,1369918349146472561784,4346919655697905000000
864,0xc07c461d1c91a9ecd6f2a2f57ec3e7caacf2bba2,522904702360590341649,1330768145286270000000
865,0xc0f2a8cc7b785a774fb00eea2b529cc39fbc2e50,2956407205281466063084,6326851582591983000000
867,0xc0f6bd9f0be7e08b51f65b82fc95a19df826f0fe,179417526232530699028,500000000000000000000
868,0xc139fc26c6b73b878d8588f98d2d4b89c94844e1,545631073233439272636,1129765811210000000000
869,0xc16623cb1505c57c56b3dd9633dbb43991ab2804,144439520565179971102,500000323290000000000
871,0xc19fb917e9b674a1645599ba1e225d03956c3ac5,435981456655503722992,1176610145127633000000
873,0xc208c84fc1b7a11ac3c798b396f9c0e5a23cfa38,556024253541970434168,1478470536973241800000
874,0xc2328a29637c3b3e3352c8a450355b82421ee19c,2410487795771175588172,7121755957389969000000
875,0xc233dc78f806618d79251aec3a0e5aee249a37d0,626229637131659489131,1501100000000000000000
876,0xc2eeadc3737510c32b1b1049c6b8e857482b300e,470418979790081101217,1072982826229029100000
877,0xc2fd7a511e09fda0b6c2fe043efed91c512fc1d5,20859024619666593403,50000000000000000000
878,0xc3268ddb8e38302763ffdc9191fcebd4c948fe1b,719630359905918376524,1666622312979647400000
880,0xc3ab8a45e70c49a94a36122f3159ba95d3f2dae0,42787971733163833519,102000000000000000000
881,0xc3bd40359a5b5f85507abf4bba212b97d9b017ef,41233930593191149621,99893061013665600000
882,0xc3e62daeb84894097e13086fcd6011f4fbabcde7,47509123568335348522,100000000000000000000
884,0xc42008f4aadc0b487f214d738fcdcea1d0488e9d,272873093777569579870,644099341350239700000
885,0xc4320ac0c819f135757d168da2c303f258c6135e,53201760608818762521,133042957550000000000
886,0xc4358dc65c840813f2e89e8ae06686a581baa7fa,186756577916342081812,485419460840000000000
887,0xc4577824061ac8a3b249e14bfa5f0183d6dbbec0,7080218561684876849406,21500000000000000000000
889,0xc4c03919345b3157e749cc5dea18b0470284c08f,242628773293714466486,530000000000000000000
890,0xc4d9d1a93068d311ab18e988244123430eb4f1cd,16695725212185724766,43255583121836106000
892,0xc5259cc500564de27ca78bbc0fac4727df72c43d,8345487933972095128,20000000000683397000
893,0xc5bca8d9e692612fd411736cbf9e19f68f22dbc1,20123964873358339439,45914939673466300000
894,0xc6411350766ed10630579da82d232bce7f33869c,4324233931739030943665,8999402099000001000000
895,0xc6987a93a3ff8441351041caa5bad8c16acf7bc9,120633562386167895339,299528542070000000000
896,0xc6f01a13bb3089089168ec992d0ac49bfb122594,39903855670857185438,114416975947402300000
902,0xc83cccd964fae2174749a3b5cae65d6c60c28db2,3666533650504683890,9999998416970000000
903,0xc926addf7133df6238164568485a184320d636a1,112903472171815188720,284378907040000000000
904,0xc93832e75d4b71a1d25a39daf12157237feed735,746139418969700266,2009471385970053000
905,0xc9850118d42feb44885678b31eb6fb3971374609,398078645356629209054,1000000000000000000000
906,0xca8419a56b7e8a3a38f5653a2f72656376df17e7,23261022000000000000,46521999052920000000
907,0xcb01f3d84f125667f87ed21a6c3854021c9d90db,219874746885227351869,529352999040910700000
908,0xcb354acbb1180ec2ed0b98e2b57ae78870a074b7,468576860775694770738,1183956907490000000000
909,0xcb44375ba55a072a8a43452f9f6f1e24aebf4666,328193067395324380329,986129720490000000000
910,0xcb636a55b1b9c64f5d9fd84662400cb08f8c1df8,90502489416808968638,200523714763717640000
911,0xcbc2da0db2940db0f211d67d7f14ad1057794f68,75319300613091995840,173000000000000000000
912,0xcbc853efcf3f0a78c6f52828ad6a8091a8b302b3,8607857737093636061882,17217634932609109000000
913,0xcbfdcd7409f760081f33de2c87288dd30153c353,1233510263035578270589,2888802289685108000000
914,0xcc27fd7c81d49cfbf29d31a174e2d82ca0242301,3178460643554576099972,9213830814009776000000
915,0xcc804bd0a2537c227428e64226cd9e6863f31707,53639602094488266896,127038516310000000000
916,0xcc93b05125c167047d11f0208e05b1d5848a88d1,40236278084715046787,93652172072637640000
917,0xccb98208a3c87ec4b86a65c4b69bcf7378ca434a,18564140480839735523,49999979994910000000
918,0xccc4ce35f08a0ecc3afe07781104aa088a795a18,340328923950324653123,815243275500000000000
919,0xccd84b249c0f8dc19abc098e6f9c0e5f5a900617,234494917107986688093,554025326060699000000
921,0xcd629023071e10b354c949d03da150bf1907fafd,416229178108502296586,991723750000000000000
922,0xcdd535328a10b84ff64d69858c795a5c26981791,4271056858521156414211,8934418864529606000000
923,0xce251d7f192486804943a030c3fa7ce3820a1466,11019018248927777122,30000000000000000000
924,0xce7c72e8127e994bcea5f000fabf64e6ea50f5b8,566473660834755671553,1192347107855949000000
927,0xcf6b6cb97ad9dd5b1877dfbc6d9b64157dcd8c8e,2026840345910270545847,5219194969824898000000
928,0xcf8baf60a43eca451e12d11a6daf3ffa3474fffd,103196283296058000163,229978182366670500000
929,0xcfc17b9b0cae7428098a1bc4a57f19dacb5db657,19474221841139806934,49999907860532000000
930,0xd0099fe0411b4cd1edf021f0aeeb12b9194b2742,58806542117920847001,147500000000000000000
932,0xd015bc3fedf5e9455d8688fee238e15b6fbdf544,104216345841950489379,247000000000000000000
933,0xd05d9c16b666075649e52c767d0069c9f4f04aac,77056526134897656512,183677728447766630000
934,0xd0a2fe011342c2e59a81866ae5bbd6e13c6c572f,688726392987695616902,1550844708660000000000
935,0xd0f3b04f6066cfead18a24a8458a18f1d7f7007d,218710979651648277773,970957724114190600000
936,0xd19b1905e5e7204240d32d1b841251f76cf1eb49,305107180948759546980,726735915130986600000
938,0xd1c7314f7c470cb27232a4ff77e451c640cdf0ca,133393483682239643473,316288652541728850000
939,0xd2d24db10c43811302780e082a3e6f73a97ea48f,22171424843612968146484,47026725601568510000000
941,0xd3055ae6117fd4c72444ad3443c42f820269b90c,1203527984469467428728,2863761910994742000000
944,0xd34eccaf180a75b56ce98d0c414d3fc03a820f58,183276170915707137089,499999906743570000000
946,0xd3c4892807453f93a34965f511a313157c16fa80,376392918405764837757,999999999999998800000
947,0xd419d53817e1daa7b2f72e51707774f3ff0a54a3,1457458908849336124875,3970000000000000000000
948,0xd42ccaa658d460b5dfbcee6bbbeaf1b6667a30f1,140752045484696949658,291436570692616520000
949,0xd4789917d827809f32108d060ead11e907702630,2774160732492025126104,9988110150000000000000
952,0xd4ca789f73d87aaf87d31b558ec7f1e159849ed6,184445552955177990235,411046325113798660000
953,0xd4d278ba628a03564d7980e08038f10af7070f36,1939703542312120581,4999995178505000000
954,0xd51403740f75bfa64704b4d1f5c2a099efc560d0,195853142591719385930,475000000000000000000
955,0xd521e9f3e94d7c75e2b82d11fdaad0a4f5884ebd,207551098865703940203,660524397928735400000
957,0xd5b45b38a93291db4a49e074b296751d92e94397,841185624811584404860,1997659461245988000000
958,0xd5be0439eccb370c807f698f6ab98baa5fbd24e0,75252641626848525809,200000000000000000000
959,0xd5d41ae50cd1ff52c06d6c52a40a74d41ea1ad3f,21045519987662120855,46000000000000000000
961,0xd6587009d4b1904e7849148d8e2317324b678c67,25474980038618051374,69287574299477250000
962,0xd6d76c84bb2342a95c54058354a881ceba9dfd75,103488347355648351189,247500000000000000000
963,0xd7cdea567a6aa9cbd81fd9aec7b39f94419cfb4f,20780501836330670403,50000000000000000000
964,0xd7e25378bff3ab51dcd716e7c013dea98c4d51d5,319402025124662852028,999230740000000000000
965,0xd7ee758a2666ab81e8657f69e280531e562f99c0,100061058874422397118,239322175664459500000
966,0xd7f5b60c598da99045f3d4f6fe3f9120da3c2976,9348394932137578064,25999967069765000000
967,0xd82d2c69f91dfc1a21510d7811589da1969a82f0,388970926601491135117,965800000000000000000
968,0xd86a07dd9739c54574a4aec955bac66d93c710e3,30961852557086204483,74349711173739510000
970,0xd9832a299d700da9adcd0fe3c7ba89d3d57dc252,41982805061390843913,99904391500000000000
972,0xd9e7cd452b450a07984124e53b10021866b2462f,89158110235181209432,203891392629214250000
973,0xda03bca6e7e6017739d0535dd38e2553067d223a,2605026607880516035,6209537256377344000
974,0xda4ab2be19b4eac7bbc496a42da8b06c7c7f15cf,186452628086526463954,471827089049022700000
975,0xda5b2cd0d0bb26e79fb3210233ddabdb7de131c9,426289417945993396059,1000000000000000000000
976,0xda5d28f67ee642968cf5528aa1cb2290e7b2e2d0,1500781267720033198502,3641436392129248000000
977,0xdacd619b131a15d0c8c99add553d709f3f2a6a7c,87253603431742668075,208324501300000000000
979,0xdb98d124b1e644c5d434ba5a3d865e5f18316477,32163463104888974555,77000000000000000000
980,0xdc0b56461b17042b58886bd0bd92007ba416e999,3857431565721903595,11899302667774120000
981,0xdc354f962bbbfb9e20761b38e55a6bb6f0ccaf4f,30402994584354569205,80000000000000000000
982,0xdc4552ac1ef43539a6043a6fbb8904fdae979020,41826501550173316805,100000000000000000000
983,0xdc495516ddc20877e55e6e05162a990e9057fc66,148761617077798558819,400083000000000000000
985,0xdc5bb4f6126a5ed7d99af7e56387db717c1042bd,182689777754879224658,435374558146746060000
986,0xdc815efef274725715ac1cf28980e1d76e24278f,306540668356240959314,813262585897360000000
987,0xdcbe59c14c6a04fea9e295d116b7a579582ce068,1054994401447949902301,3435447107459695000000
988,0xdce543698ab6242f0eaaa32a6a8325883302fce5,715624304011638341542,1736868992650658000000
989,0xdd9189f9cb498f5dc729baa19734475c22b36981,1833598817008705556512,5364959344882739000000
990,0xddf41b260dac2757ab72393d635f46a533f8244e,8029743646060611089,47782709980214770000
991,0xde41501a3da3e3b086fd7ef6242af17013cd2cfd,28615723232376538707669,60494700609580000000000
993,0xde9e82b1ac219f96744bd8afd236113140a98a26,663388912082894101630,1715633280595812400000
995,0xdf67361193d52ee42cb759eb98ce2c7978dd440e,367084894622775974922,999412705370000000000
996,0xdffc750270c50777ae7ffa330bb976535e0268a4,495418592383765034642,1195804395760000000000
997,0xe08563966aca5f5297cf58ff11cf28ca660e0012,909824380546507701097,2180398288933720000000
998,0xe0c5164d6eed00d9a53fba883c06e92428019813,13822407671605980300,28644721000000000000
999,0xe0dfb09b94a80c66da0e4faa847cea819cecd33a,464986964712873707,5236663813965001000
1000,0xe157eb51748964c423b433935f9d4c4205c02593,410477676645010671970,978020000000000000000
1001,0xe19558d2b3fabb5c045ddf3b44dc15de18e9cd20,226986608070139661149,538770695811823400000
1002,0xe1a50c8da0c170b9784c33ba74167dde61cee0d8,32347172595659509635,70015998660000000000
1003,0xe2026e2d48db82769bb4c912cb8275cb48860efd,18590768610571451034258,45733464629248000000000
1004,0xe234b784fa421c0216cb22d4145fb0bb6fbd890b,30444411477635373160,64081189445318370000
1005,0xe29576bc66051fea9ff50cbbfa8ff3284014bf9b,624178896154700019141,1420462015750000000000
1006,0xe321bd63cde8ea046b382f82964575f2a5586474,3650002397152183025,19999981965340000000
1007,0xe33df35dc8b326c15c2a26a2bdbc81c797132507,197987906717197422691,500269000000000000000
1008,0xe358a4dc52b306b7c7261ead577b9e140239f2d3,297379679821609960408,605602155708359000000
1009,0xe3711ec3a82303419795c6d149db3ced6c72e16f,191401190847004014038,486881000000000000000
1010,0xe386588101bda66bbadddcb6e6a716fe3d5ded93,214799314459069579968,484581481599131000000
1011,0xe393c2f28a5e7f9e5159caea972213d760ca0fca,1586715562121077184611,3331865643749569700000
1013,0xe42d09e5e69f9d7c4e303af570f9ef7f2b5d6d1a,538570158391246240801,1319208190850000000000
1014,0xe446ca4b55eed81458d241faa735f34933f037af,15232312550672797993,36500000000000000000
1015,0xe4970ded89570285c247b5e40ac79ec3abb9fe86,480247229497336706193,1160374913140000000000
1016,0xe4aca507716ac3804a28f7dfd6bd90c503b7548b,507395347042445977452,1100000000000000000000
1017,0xe4cbb2c2f55ef34f12aa813d288694d48d9b224a,286303370424002208304,606915478113354100000
1018,0xe4f28b2d2e4d380c09fef46d9fefe5834bf49271,24862138530713634857,500585765849547540000
1019,0xe4fa22eca4fd39b5b96ecef05cca1126bd17fa4a,78578957002713158165,189751601718216070000
1020,0xe5546ea6535859c5d16373ecabde6de89fb2a4ce,523158619612110423977,1320353747320234000000
1021,0xe5a1fbf8fe438eaaa39884008b9f8deb6d47e312,194721135172778393024,721731287052500000000
1022,0xe5b4f2034ca45390f928087ef746f72a651d1067,7787872212324055408377,15576715409013124000000
1023,0xe5cf553b66ce0dafb2acf1c70e0e8af7232459cf,4924891143870763109,11000000000000000000
1024,0xe5dbff893e6120c0d013fb046cd755990e4be9a9,4317034104303908990,10326670317659728000
1026,0xe613df76d94a034ae7282dfa9f5ca51d2e1e40f5,485482497623056305755,974998046674170000000
1028,0xe66d95866d555bf3a2c7e6e2af233e5f6840b1b0,3403959523089408538,8156642150000000000
1030,0xe74166afb1a6c0ca3c355ba33965a8c7fc3e2616,120350012412824785875,285808903369460400000
1031,0xe741f716049de5514e8304b1c666ee2b18f7027e,57802618370172231637,483406225855199100000
1032,0xe77dcda98ba8839de3c5f1f627a62f58566deae0,8943788830927840880178,25906651509888600000000
1034,0xe7d1405c20a23a8e8f9f1bd572d1320c479233ee,172079000928260178139,432472143489378500000
1036,0xe7f757ce6160bf0fc0956b00bf9dd89cca4f0ead,1558578374570856345550,4219777037257044700000
1037,0xe807c33fef56eff17e1a3e700ec5a1e14a302868,315803846492931988756,998906740000000000000
1039,0xe8342f3f61e8fdb281061a79506ba4f39ad32c0b,6130828061444329578741,19196322028595940000000
1040,0xe85d93fe753e20af32b1cb3bb4def9b424035a6e,31981343611134446351,86493082320000000000
1042,0xe8db873d9d4c9ecb96497b92ba957bb13ac8cc36,89219427926662346192,213419582951662100000
1043,0xe8f57953431f94b9afc820ca220b25a2849ae5aa,138956210470902236270,350000000000000000000
1044,0xe9c5f16ec048ed0185dbe6cbd670a2c55670dc7c,834853483568509580562,1999999987020000000000
1046,0xea3053e144e720eba39d9e66eca55a7623efcd81,8743325406571647782,19999991364505000000
1047,0xeac03ab059b522886a6f273bd96b26bd86a0b4a2,40315980628212279695,101109474343284970000
1049,0xeb1fd48e0bec6b204a085ccd87b8ede81d105d81,2177660920379734091,20021350886990000000
1050,0xeb4a035ab80e9e95d1167b8e15ad4906e2421586,211500553798063574735,512379911908333500000
1051,0xeb8b582fbdc4e8900a510a4420e24d91097f0e2f,407102579422429227051,1000000000000000000000
1052,0xebb3438c1978e1aa8ff59e89a6e4c3b30b6e765b,310918205258786588782,739821362813976800000
1053,0xebedb1973854c8cabfd0def72bf1ca38c11d5d99,611151916858986978033,1467579125569538800000
1054,0xec04d7bf52246dbb3850f616d1614f5a509bb6cb,215123872015735500722,458407666707411800000
1056,0xec73833de4b810bb027810fc8f69f544e83c12d1,67340183548919610971,396873861600000000000
1057,0xeca510e9304139de92edcb64315ee9bd5074d67c,18954445698043622627,50011394913260000000
1058,0xecb949c68c825650fd9d0aebe0cd3796fd126e66,2082177056796892057252,5000000000000000000000
1059,0xecca53828d3cc6dc1ffbdad81ea62c85210a9020,150988362108923362089,347885165970000000000
1061,0xecff73ec72ef781f94529f24e89f567ccab92024,467698387931660542908,1104999439081981200000
1062,0xed02f16a57c32a08b55d923bf4690d200722f462,818688450357872203363,3000000000000000000000
1063,0xed1fecba8530a0f90d26bfb8a0d27c2d66ad6889,189079961630982859757,513400567767622800000
1064,0xed963afed4188993754c045f2f7055d19a7a9da6,351243000062923930382,828184243490000000000
1065,0xee24487be049adf2d7b2c932150848b9bc47e931,221828599975962724416,600228493964823800000
1066,0xee8e0fcc8bff03ec5f100d02cb7b3196d78863a7,4522767404549666026,22335849159106120000
1067,0xee9ae5bdc43ac8e0cb1168a99eb7fa1684043ae0,2481394505251847425998,7062422655906651000000
1069,0xeef167abc7ce5b85c4f3a676e0fe4b706c7b3d33,381830395880360330449,910621597149814600000
1070,0xef6392bee592da98166a14565ab939ab7294543d,34947519086624024929,88898522340000000000
1072,0xf0573bb8fd4abae0a3e539b1b44eaefe2e3ca2f9,177873985424467094161,530214539935704940000
1073,0xf075590c7ea5700f8cc34507f39d02d483167066,3249791706417251362846,6623163752261503000000
1074,0xf0ec03d131f9e5ca29638fad253e874e63dd9865,898106002070515201175,2345000000000000000000
1075,0xf1b96faf44d0a04f7a39ed90b4b3a2942403b109,145972473621899868944,349935455709000000000
1076,0xf1dfbc7341f641c2fbe9861d2566af4d89801f6e,57145742652736555975728,210160333979380250000000
1078,0xf262fcd1262cec8b86ab9d9f34a7a2b7ff762d94,226675158632971208808,531967791539398300000
1079,0xf2643e655b01355accb09f781f90cc46c8b066df,18421286644823247684,44141489370000000000
1080,0xf2662d8ebc90e92ce585596acab5143abd42a284,208089217128043640929,500000000000000000000
1081,0xf26f920db2af3613366a2bce15e5470a312eabf5,29683177902984771498,70612503141269620000
1082,0xf2be965264fbf526b13962af43170aa9e42a6296,179561821311262059624,400000000000000000000
1083,0xf2fa78d7fd9d50d4c59042b51ff18e6ba4d72b9f,3290003017900325687499,9978686709145815000000
1084,0xf3df14b24e982df7c0943d4b4ddebf18a23240eb,2459107824513709450642,6000000000000000000000
1085,0xf43257df6b2066c866ceee61218ee1ee50d3be6f,3223525963776907893811,9999741963876140000000
1087,0xf55dd2ae6b87c1e4b754706c98a3a204c3d98c64,520821386636340591257,1200000000000000000000
1088,0xf57c1a05e4c512275650f75ad2b8074700017f0b,112173041356034296969,249983345694655900000
1090,0xf6030b263c14ae3ded0afd41b73644921b8a75fb,2476845391347482010358,5307795790297065000000
1093,0xf74b4176f79669255ef6746d4f4b60e78ce4a5b4,2686359048347745197686,10000000000000000000000
1095,0xf7c94fb69150a643d39b24c3d5f1a6cd10fc3728,391498684413240738522,983921770280685000000
1096,0xf7d3498612104a25d8a6e271441e0e9fb24d224d,394060476476890102990,996728150000000000000
1097,0xf7ecba7624f3bef5b4ccacdc038ee041bde8fedc,222171939368760751692,652072104138526800000
1099,0xf824de6fa90fcabe1f9e44b67b7ab02c89c3d216,984203529000778971107,2500000000000000000000
1100,0xf8483ac6f76f02e476cd466d3707dc6842f9f217,146555009964412781154,348901650847472300000
1102,0xf878b5c583bad66f57e2e0f0e9c674542a3c8b5c,259180629437394849930,701296401315789400000
1104,0xf8845dc5d67d0bfbde9e9d2e3d274b4500fed9ad,136256302626371248910,315787277632882100000
1105,0xf8dabb428c19f20d8c6b10e21f7d38fe4caad719,13118278478764206893,29999559892845703000
1106,0xf8ee872652e2b8ae594e6a3f83048f5704114658,4394039741021407115865,16432651447128178000000
1108,0xf9224b2a7044563189ea40dcc351790283736794,1844242462159028244692,4036118816410000000000
1109,0xf94aaa667ea9934a13c09ae932428e2d71b06678,61139051899337292735,130917269425736480000
1110,0xf9605d8c4c987d7cb32d0d11fbcb8eeeb1b22d5d,7425652785408049061,19999982729010000000
1111,0xf9ca61b2c3938d3c5ec8fa669622240a7a0cb316,398918428640900905053,1000000000000000000000
1112,0xfa8d867c6e0ecc4f1fbd131ad1a471efa1bb0e49,35716135353467077758,79595229861018200000
1114,0xfb0d01283e5b668d67c3788dc9fc3394451951db,89266482455819837128,240790390000000000000
1115,0xfb0f37c0456d60eded9b64442dfb0c4847cdd06a,277299070619101567433,755340204566713300000
1117,0xfb2c9a817c1c347c0164a8211cf7014650379cfa,1359580309832424367,3661554686048875000
1119,0xfb98168d6a622124a14c1f3d3556e825bfe3a264,36499824916881782015,98817436375225430000
1120,0xfbf0e5d8219fa45c8fcf6ea6e9ac17bee9488513,2883430184305175324285,6042149325581189000000
1121,0xfbf51b2ee5a657ba1c7d0741dd31156f2a4a942a,82547346919839708226,224953418587659300000
1122,0xfc44e9e484bd782e7b3414d6180f898dfa051b36,37817485838688583301,151097171599833240000
1123,0xfc5cb08372d5e47b1ded91279616d195f67f5aa5,26549755449782289584,62151269380000000000
1124,0xfca32b89d0981e69c8dadcdcc0668b0e01c810cf,37041394406252092505,100000000000000000000
1125,0xfccb964c514c12794509ed62fa274f0e284cee82,1410862067918879170742,3474244560000000000000
1126,0xfcdf138316302049599d629146c253b08bb3b449,3001044265178975829,6421925835087759000
1127,0xfd0460bce7bef3436f99cdf7f714ff39db12a273,215962831844596443417,512649394400000000000
1129,0xfdcb736d927c0d51f7b7662e4c8098768cd87345,104509493313247614011,250000000000000000000
1130,0xfe4e4b5c7ae92008edf477a80c0de1d6cd4fad54,168402937470946947244,392860541594728900000
1131,0xfe5fe702d9667b3c36f3c330151273b0ed71fe04,209967315788320893727,501531191350423900000
1132,0xfe91bb5176f645cdb34d5a03c3f5aa6f4629e141,386924804965853618241,1100751157205731400000
1133,0xfee73f35e5e162bb687452447b73aa2da5670226,16952763867420245562,98983784700000000000
1134,0xfeecbbfd59efa65cab480a1853df869099030108,197602862995920244825,521505092542509350000
1138,0xffaaf10a141c03a9baf4362b843cadf9dd3ff41f,3739667403252780279,19999972349098000000
1139,0xfffa527ab78dab60437c3809f3218cb2b71342d2,1629382397923153546291,4462546954813288000000
